Student_ID,Study_Hours_Per_Day,Extracurricular_Hours_Per_Day,Sleep_Hours_Per_Day,Social_Hours_Per_Day,Physical_Activity_Hours_Per_Day,GPA,Stress_Level,Gender
1,6.9,3.8,8.7,2.8,1.8,2.99,Moderate,f
2,5.3,3.5,8.0,4.2,3.0,2.75,Low,f
3,5.1,3.9,9.2,1.2,4.6,2.67,Low,f
4,6.5,2.1,7.2,1.7,6.5,2.88,Moderate,m
5,8.1,0.6,6.5,2.2,6.6,3.51,High,f
6,6.0,2.1,8.0,0.3,7.6,2.85,Moderate,f
7,8.0,0.7,5.3,5.7,4.3,3.08,High,m
8,8.4,1.8,5.6,3.0,5.2,3.2,High,m
9,5.2,3.6,6.3,4.0,4.9,2.82,Low,f
10,7.7,0.7,9.8,4.5,1.3,2.76,Moderate,f
11,9.7,3.6,8.0,2.5,0.2,3.43,High,m
12,6.9,1.1,9.1,2.1,4.8,2.97,Moderate,f
13,6.4,2.2,5.7,4.8,4.9,2.82,High,m
14,5.0,3.3,8.5,4.4,2.8,2.87,Low,m
15,8.9,0.3,6.8,0.7,7.3,3.4,High,f
16,6.7,0.3,6.6,2.0,8.4,3.2,Moderate,f
17,8.6,2.6,9.4,1.6,1.8,3.36,High,f
18,8.8,2.2,8.9,2.0,2.1,3.19,High,m
19,7.6,1.7,5.1,0.6,9.0,3.16,High,f
20,6.6,2.0,9.5,1.5,4.4,2.93,Moderate,f
21,7.1,3.0,6.1,0.5,7.3,2.9,Moderate,f
22,9.6,3.2,8.2,2.6,0.4,3.34,High,m
23,9.0,0.7,9.5,2.6,2.2,3.21,High,m
24,6.1,1.7,9.1,5.2,1.9,2.85,Moderate,f
25,5.0,2.0,7.1,1.3,8.6,2.68,Low,f
26,9.7,1.3,7.6,3.8,1.6,3.29,High,f
27,6.8,3.9,9.8,0.9,2.6,2.64,Moderate,f
28,6.4,0.1,8.0,3.0,6.5,2.95,Moderate,m
29,5.3,1.1,9.5,1.4,6.7,2.79,Low,f
30,9.9,1.0,8.4,3.6,1.1,3.25,High,f
31,6.2,2.9,6.8,3.8,4.3,3.05,Moderate,f
32,5.5,3.3,6.6,1.1,7.5,3.26,Low,m
33,5.2,2.4,8.4,0.1,7.9,2.47,Low,f
34,8.2,0.7,8.5,2.3,4.3,3.24,High,m
35,9.7,0.6,6.7,0.7,6.3,3.62,High,m
36,9.1,2.2,7.6,1.2,3.9,3.12,High,f
37,5.5,3.6,9.5,3.4,2.0,2.58,Low,m
38,8.6,3.6,9.4,1.9,0.5,3.03,High,f
39,8.2,0.3,5.8,5.4,4.3,3.29,High,m
40,5.0,0.6,7.7,4.2,6.5,2.61,Low,m
41,8.3,0.9,8.6,1.4,4.8,3.48,High,m
42,8.2,3.4,8.3,2.3,1.8,3.07,High,f
43,5.5,1.5,6.3,1.5,9.2,2.81,Low,m
44,9.5,2.5,9.0,1.5,1.5,3.49,High,m
45,7.9,2.0,6.0,4.3,3.8,2.97,Moderate,f
46,9.7,3.8,9.6,0.3,0.6,3.55,High,f
47,5.1,3.7,7.1,5.8,2.3,2.6,Low,f
48,9.3,1.3,5.8,3.3,4.3,3.09,High,m
49,9.7,2.8,7.9,0.3,3.3,3.47,High,f
50,9.4,3.0,8.5,2.2,0.9,3.18,High,m
51,6.8,1.2,9.0,4.9,2.1,3.12,Moderate,f
52,9.0,2.6,8.5,3.1,0.8,4.0,High,f
53,9.5,1.4,6.9,0.6,5.6,3.33,High,f
54,7.3,2.2,6.4,3.5,4.6,3.11,Moderate,m
55,5.2,0.1,9.1,2.2,7.4,2.79,Low,m
56,8.8,0.9,8.1,0.5,5.7,3.1,High,f
57,5.3,2.1,7.7,3.8,5.1,2.39,Low,f
58,9.0,1.1,7.2,0.5,6.2,3.39,High,f
59,5.1,3.9,9.2,4.0,1.8,2.52,Low,m
60,5.8,1.0,7.7,4.3,5.2,2.8,Low,f
61,8.3,1.1,9.8,3.5,1.3,3.67,High,f
62,7.1,1.0,6.8,4.5,4.6,3.27,Moderate,f
63,5.1,0.5,5.2,0.2,13.0,2.85,High,f
64,7.4,0.4,7.5,2.8,5.9,3.26,Moderate,f
65,5.9,1.7,7.0,3.7,5.7,2.8,Low,f
66,6.9,2.5,7.5,5.1,2.0,3.06,Moderate,m
67,8.3,0.7,5.4,3.9,5.7,3.26,High,f
68,9.7,2.3,6.9,3.3,1.8,3.38,High,f
69,7.3,2.2,9.7,1.9,2.9,3.15,Moderate,f
70,5.4,1.3,9.2,0.1,8.0,2.69,Low,f
71,9.1,1.1,5.6,4.2,4.0,3.54,High,f
72,8.7,3.2,6.4,1.0,4.7,3.37,High,f
73,8.8,3.2,10.0,0.8,1.2,3.58,High,m
74,6.7,3.7,9.3,1.8,2.5,2.89,Moderate,f
75,8.8,3.0,5.5,5.4,1.3,3.58,High,f
76,6.6,3.6,6.9,0.1,6.8,2.99,Moderate,f
77,9.5,0.4,6.6,5.7,1.8,3.44,High,f
78,8.2,1.8,6.5,2.0,5.5,3.35,High,f
79,8.4,3.0,9.0,2.8,0.8,3.26,High,f
80,5.3,2.2,7.2,5.3,4.0,2.62,Low,m
81,6.8,0.5,5.7,4.6,6.4,2.86,High,f
82,5.4,2.8,5.4,4.9,5.5,2.86,High,m
83,8.5,0.3,5.4,5.9,3.9,2.99,High,f
84,9.1,3.8,9.9,0.9,0.3,3.08,High,m
85,6.9,0.3,8.9,3.4,4.5,3.21,Moderate,m
86,5.6,2.0,5.1,2.8,8.5,2.81,High,f
87,5.3,0.5,5.6,3.9,8.7,2.9,High,f
88,9.8,1.5,6.4,5.2,1.1,3.78,High,f
89,6.1,3.9,5.1,5.8,3.1,2.96,High,f
90,5.4,2.2,9.8,3.1,3.5,2.81,Low,f
91,8.1,2.8,7.3,3.6,2.2,3.39,High,m
92,5.2,1.1,9.8,5.3,2.6,2.82,Low,f
93,7.3,2.5,6.4,1.1,6.7,2.67,Moderate,f
94,7.9,0.3,9.9,5.8,0.1,3.08,Moderate,f
95,8.5,2.1,6.5,4.9,2.0,3.1,High,f
96,9.6,3.3,9.7,1.0,0.4,3.54,High,f
97,8.1,1.7,9.7,3.9,0.6,3.45,High,m
98,9.9,0.6,8.0,2.1,3.4,3.39,High,m
99,9.8,3.4,9.2,0.7,0.9,3.15,High,m
100,5.3,3.5,9.1,6.0,0.1,2.68,Low,m
101,10.0,2.2,8.8,2.8,0.2,3.41,High,m
102,7.3,0.5,9.8,3.6,2.8,3.22,Moderate,f
103,6.1,2.7,8.1,2.1,5.0,2.98,Moderate,f
104,7.6,3.1,7.6,4.9,0.8,2.99,Moderate,m
105,7.8,2.2,9.4,1.9,2.7,3.3,Moderate,f
106,8.5,0.9,5.7,0.1,8.8,3.55,High,m
107,6.8,2.4,7.0,2.6,5.2,2.97,Moderate,f
108,7.6,3.1,7.0,3.7,2.6,3.28,Moderate,m
109,9.3,3.8,5.7,4.8,0.4,3.05,High,f
110,7.3,3.9,7.5,1.7,3.6,3.08,Moderate,f
111,8.2,1.0,5.4,0.8,8.6,3.3,High,m
112,5.9,1.4,9.5,2.8,4.4,2.7,Low,m
113,8.3,0.7,6.0,0.2,8.8,3.14,High,m
114,5.9,0.4,5.6,2.8,9.3,2.73,High,f
115,6.0,1.5,7.5,4.1,4.9,2.76,Moderate,f
116,9.4,3.7,5.3,1.6,4.0,3.45,High,f
117,9.0,3.0,5.9,1.3,4.8,3.29,High,f
118,8.1,1.5,7.3,4.5,2.6,2.75,High,m
119,5.2,1.0,8.6,5.4,3.8,3.4,Low,f
120,5.5,1.8,7.7,1.5,7.5,3.05,Low,m
121,6.3,1.5,5.1,1.9,9.2,2.82,High,f
122,5.6,3.6,8.0,4.1,2.7,2.62,Low,f
123,8.9,2.0,5.4,3.2,4.5,3.64,High,f
124,7.2,0.5,6.4,2.2,7.7,3.19,Moderate,f
125,8.2,2.3,6.8,5.9,0.8,2.95,High,f
126,5.5,0.6,6.2,1.0,10.7,2.94,Low,m
127,5.9,1.1,5.9,5.4,5.7,2.89,High,f
128,7.1,3.9,5.6,2.4,5.0,2.9,High,f
129,9.8,3.5,9.1,0.4,1.2,3.57,High,m
130,9.6,2.2,7.9,1.2,3.1,3.24,High,f
131,8.8,0.7,6.6,2.6,5.3,2.99,High,m
132,5.6,2.4,6.4,3.5,6.1,2.85,Low,m
133,5.8,1.9,7.7,0.3,8.3,2.7,Low,f
134,5.3,4.0,6.6,4.9,3.2,2.72,Low,f
135,6.3,2.7,8.8,3.6,2.6,2.45,Moderate,m
136,6.7,3.7,9.2,4.2,0.2,2.85,Moderate,f
137,5.6,2.9,9.7,1.1,4.7,2.86,Low,f
138,7.9,3.4,5.7,4.8,2.2,3.15,High,m
139,6.0,0.7,5.8,4.9,6.6,2.96,High,m
140,6.8,3.5,7.0,4.9,1.8,3.44,Moderate,f
141,7.2,1.5,7.3,1.8,6.2,3.08,Moderate,f
142,6.2,3.6,6.9,3.3,4.0,3.27,Moderate,f
143,9.5,2.5,5.6,5.6,0.8,3.13,High,m
144,5.7,3.2,8.1,3.2,3.8,3.08,Low,m
145,9.5,3.2,5.8,1.7,3.8,3.59,High,m
146,5.2,2.3,8.8,5.3,2.4,2.61,Low,f
147,6.7,3.3,5.6,5.1,3.3,2.95,High,f
148,9.0,0.6,6.1,4.3,4.0,3.15,High,m
149,8.6,2.6,8.5,2.3,2.0,3.14,High,f
150,5.9,3.6,7.9,2.4,4.2,2.64,Low,f
151,7.3,3.8,5.8,3.5,3.6,3.58,High,f
152,5.1,3.5,9.7,3.2,2.5,2.79,Low,m
153,8.5,3.7,8.5,0.5,2.8,3.65,High,m
154,7.1,2.9,9.7,4.0,0.3,3.33,Moderate,f
155,7.3,0.5,9.9,5.0,1.3,3.11,Moderate,f
156,8.0,1.6,5.3,2.0,7.1,3.42,High,f
157,9.0,0.0,6.7,2.4,5.9,3.51,High,f
158,6.7,1.4,8.7,2.7,4.5,3.02,Moderate,f
159,6.1,1.8,5.7,1.1,9.3,2.38,High,f
160,9.6,1.4,7.9,3.2,1.9,3.43,High,m
161,5.1,2.7,5.9,5.8,4.5,2.71,High,m
162,5.4,4.0,7.5,3.6,3.5,2.59,Low,f
163,5.3,3.0,6.0,5.4,4.3,2.68,Low,f
164,5.2,1.9,7.8,0.4,8.7,2.67,Low,m
165,8.9,1.8,7.6,2.5,3.2,3.58,High,f
166,5.8,0.7,9.3,5.7,2.5,2.46,Low,f
167,6.9,1.1,8.2,2.5,5.3,3.22,Moderate,f
168,5.1,0.9,6.2,4.0,7.8,3.02,Low,m
169,5.1,0.4,9.0,1.1,8.4,2.52,Low,f
170,5.5,1.0,8.6,5.1,3.8,2.97,Low,f
171,9.2,1.6,8.3,1.0,3.9,3.5,High,f
172,5.1,0.3,6.0,0.2,12.4,2.7,Low,f
173,5.9,2.3,7.1,5.4,3.3,2.78,Low,f
174,6.3,1.5,8.0,1.6,6.6,3.15,Moderate,f
175,8.1,1.6,7.8,2.6,3.9,3.26,High,f
176,8.8,0.6,9.3,2.6,2.7,3.3,High,f
177,9.5,3.2,7.1,0.1,4.1,3.49,High,f
178,8.2,1.0,5.7,5.0,4.1,2.89,High,f
179,9.9,2.1,5.9,1.6,4.5,3.52,High,f
180,6.4,2.2,8.3,5.0,2.1,2.76,Moderate,f
181,6.0,0.0,5.7,5.4,6.9,2.95,High,f
182,8.0,2.7,5.9,5.5,1.9,3.4,High,f
183,7.1,1.5,7.6,0.3,7.5,3.17,Moderate,m
184,5.4,2.4,6.2,2.3,7.7,2.66,Low,f
185,6.4,1.4,8.6,1.8,5.8,2.77,Moderate,f
186,8.3,3.7,8.7,0.7,2.6,3.77,High,m
187,5.2,1.0,8.0,0.3,9.5,3.29,Low,f
188,6.7,3.1,5.5,0.5,8.2,2.99,High,f
189,8.6,2.0,8.4,2.2,2.8,3.43,High,f
190,9.0,2.8,6.4,3.4,2.4,3.24,High,m
191,6.8,0.4,9.6,0.8,6.4,3.01,Moderate,f
192,5.9,2.2,9.4,4.4,2.1,3.01,Low,f
193,9.0,2.6,8.5,3.3,0.6,3.34,High,f
194,6.1,4.0,9.7,0.2,4.0,2.58,Moderate,f
195,8.5,3.7,5.9,3.4,2.5,3.06,High,f
196,9.6,3.9,9.7,0.4,0.4,3.65,High,m
197,9.3,3.4,6.6,3.9,0.8,3.41,High,m
198,6.2,0.5,5.4,4.2,7.7,2.84,High,f
199,6.7,2.9,5.3,1.9,7.2,3.29,High,f
200,6.6,2.5,9.4,3.4,2.1,3.03,Moderate,f
201,6.2,0.1,9.4,0.1,8.2,2.95,Moderate,m
202,9.7,3.2,10.0,0.4,0.7,3.67,High,m
203,8.8,1.6,7.4,3.8,2.4,3.23,High,f
204,7.1,3.0,6.2,0.7,7.0,3.36,Moderate,f
205,6.8,1.1,6.5,1.4,8.2,3.01,Moderate,f
206,6.9,2.7,6.1,5.7,2.6,3.08,Moderate,f
207,8.9,0.4,7.1,5.3,2.3,3.33,High,f
208,8.1,0.7,10.0,1.2,4.0,3.35,High,f
209,9.7,2.6,8.0,1.9,1.8,3.33,High,m
210,6.1,0.7,8.9,2.1,6.2,2.81,Moderate,f
211,5.3,3.9,9.4,5.0,0.4,3.08,Low,m
212,8.5,0.6,9.1,1.3,4.5,3.16,High,m
213,6.1,2.1,8.0,3.5,4.3,2.79,Moderate,f
214,9.4,3.8,9.3,1.2,0.3,3.33,High,f
215,8.3,2.2,5.4,2.5,5.6,2.97,High,m
216,8.6,2.0,5.4,1.3,6.7,3.14,High,m
217,8.4,0.3,9.3,3.0,3.0,3.77,High,f
218,9.1,1.4,8.4,2.9,2.2,3.26,High,f
219,6.3,3.5,9.0,3.4,1.8,3.11,Moderate,m
220,8.5,2.7,8.1,3.5,1.2,3.38,High,m
221,5.8,3.5,9.4,0.2,5.1,2.84,Low,f
222,6.7,3.0,5.8,4.9,3.6,3.03,High,m
223,9.2,2.0,5.0,1.7,6.1,3.42,High,m
224,8.2,1.0,8.2,3.2,3.4,3.24,High,f
225,8.9,0.4,8.8,3.2,2.7,3.32,High,m
226,8.2,3.7,5.5,5.6,1.0,3.29,High,f
227,8.4,0.3,6.5,4.2,4.6,3.29,High,f
228,6.7,2.5,5.2,5.2,4.4,2.86,High,f
229,9.9,3.9,8.7,0.2,1.3,3.8,High,f
230,8.4,1.8,6.4,6.0,1.4,3.25,High,m
231,7.1,1.8,5.8,4.8,4.5,2.86,High,f
232,5.4,2.7,8.3,1.6,6.0,2.95,Low,m
233,9.8,0.6,7.2,5.7,0.7,3.84,High,m
234,7.0,1.1,9.9,2.5,3.5,2.84,Moderate,f
235,9.5,0.9,6.1,0.2,7.3,3.17,High,f
236,9.3,1.9,9.8,0.6,2.4,3.68,High,f
237,9.3,3.1,8.9,2.3,0.4,3.52,High,f
238,5.7,0.1,9.6,3.7,4.9,3.12,Low,f
239,9.0,1.9,5.6,0.8,6.7,3.21,High,f
240,6.0,2.0,5.3,3.5,7.2,3.26,High,f
241,6.3,3.2,6.6,2.7,5.2,2.85,Moderate,f
242,8.0,1.2,8.5,5.2,1.1,2.72,Moderate,m
243,8.9,0.2,7.4,0.6,6.9,3.33,High,m
244,8.1,2.8,7.8,0.1,5.2,2.98,High,f
245,6.6,2.1,5.4,2.1,7.8,2.79,High,f
246,7.8,2.8,9.0,0.9,3.5,3.11,Moderate,f
247,5.8,0.4,8.2,4.2,5.4,2.88,Low,f
248,8.5,3.5,8.6,2.7,0.7,3.15,High,m
249,6.7,3.3,5.4,5.4,3.2,3.27,High,f
250,7.3,2.6,7.6,4.4,2.1,3.13,Moderate,f
251,5.4,0.2,6.2,1.0,11.2,2.75,Low,f
252,9.9,1.3,5.9,4.7,2.2,3.57,High,f
253,8.3,2.0,7.8,4.2,1.7,3.25,High,f
254,6.0,2.7,5.4,0.2,9.7,2.92,High,f
255,6.3,1.9,9.3,4.4,2.1,2.85,Moderate,m
256,6.7,1.5,9.9,0.2,5.7,3.32,Moderate,f
257,9.3,2.3,7.2,3.8,1.4,3.61,High,f
258,9.5,1.7,6.4,3.6,2.8,3.42,High,f
259,9.6,0.8,8.1,3.5,2.0,3.31,High,m
260,8.6,3.6,5.9,1.4,4.5,3.37,High,f
261,9.9,0.7,9.3,2.0,2.1,3.59,High,m
262,7.2,2.1,6.8,3.6,4.3,3.01,Moderate,f
263,5.8,1.6,9.8,1.5,5.3,2.61,Low,m
264,8.9,0.5,9.8,2.2,2.6,3.57,High,m
265,6.2,0.3,5.8,3.1,8.6,3.13,High,f
266,7.2,1.0,8.1,4.2,3.5,2.98,Moderate,f
267,5.8,0.7,5.2,4.4,7.9,2.81,High,f
268,9.2,3.2,7.9,3.2,0.5,3.8,High,m
269,6.0,0.4,6.3,0.3,11.0,3.05,Moderate,m
270,5.2,0.5,7.3,5.6,5.4,2.79,Low,m
271,6.6,2.0,5.2,0.9,9.3,3.17,High,m
272,7.3,2.1,7.4,4.0,3.2,3.16,Moderate,f
273,5.7,0.1,6.5,4.2,7.5,2.98,Low,f
274,9.8,0.4,8.4,2.4,3.0,3.26,High,f
275,9.3,0.7,8.5,4.6,0.9,3.43,High,f
276,7.5,2.5,9.3,2.7,2.0,3.2,Moderate,m
277,5.2,3.7,8.4,4.1,2.6,2.91,Low,m
278,7.0,2.6,5.5,3.9,5.0,2.82,High,f
279,10.0,0.2,9.9,1.6,2.3,3.56,High,m
280,7.8,3.0,9.4,1.5,2.3,3.25,Moderate,f
281,6.6,2.7,9.0,4.3,1.4,2.93,Moderate,m
282,9.1,0.5,7.7,0.0,6.7,3.64,High,f
283,6.6,1.5,7.0,4.2,4.7,2.79,Moderate,f
284,6.2,1.5,6.1,0.4,9.8,2.5,Moderate,f
285,8.0,2.7,8.1,2.4,2.8,3.4,Moderate,m
286,7.6,1.9,5.1,2.0,7.4,3.08,High,f
287,6.9,1.6,7.9,3.2,4.4,3.31,Moderate,m
288,9.1,2.9,9.8,0.0,2.2,3.48,High,f
289,6.0,0.0,8.2,5.4,4.4,2.92,Moderate,m
290,5.3,3.7,6.8,0.6,7.6,2.78,Low,f
291,7.4,1.0,6.4,1.8,7.4,3.15,Moderate,m
292,6.6,2.4,8.6,1.6,4.8,3.27,Moderate,m
293,7.1,0.5,5.9,4.1,6.4,3.09,High,f
294,8.5,0.4,7.8,1.5,5.8,3.01,High,f
295,9.8,1.9,9.0,1.8,1.5,3.5,High,f
296,9.8,2.4,9.1,2.4,0.3,3.38,High,f
297,6.1,0.8,8.1,2.5,6.5,2.67,Moderate,m
298,8.9,1.1,9.1,2.1,2.8,3.2,High,f
299,8.3,0.4,8.1,2.7,4.5,3.01,High,m
300,8.7,3.5,6.1,0.5,5.2,3.37,High,f
301,5.1,2.6,8.0,3.3,5.0,2.65,Low,f
302,8.0,2.0,9.9,0.6,3.5,2.93,Moderate,m
303,8.5,1.6,7.1,4.3,2.5,3.39,High,f
304,6.4,0.3,5.4,5.4,6.5,3.29,High,f
305,6.0,1.3,6.1,2.1,8.5,2.91,Moderate,f
306,5.3,3.2,6.2,3.2,6.1,2.64,Low,m
307,9.4,2.6,7.7,1.4,2.9,3.66,High,f
308,10.0,2.6,7.8,2.6,1.0,3.26,High,f
309,7.3,0.2,7.8,5.7,3.0,3.2,Moderate,f
310,6.0,2.1,5.5,2.7,7.7,2.72,High,f
311,8.8,1.4,8.3,4.4,1.1,3.1,High,f
312,10.0,3.7,7.7,2.2,0.4,3.44,High,f
313,7.6,2.5,5.4,4.5,4.0,3.17,High,f
314,8.9,2.8,5.2,1.8,5.3,3.3,High,f
315,6.3,1.4,5.4,5.6,5.3,2.58,High,f
316,7.0,1.8,8.0,3.1,4.1,3.15,Moderate,m
317,9.6,2.0,10.0,2.0,0.4,3.46,High,m
318,6.9,3.5,9.3,3.5,0.8,3.02,Moderate,f
319,9.0,1.2,5.4,2.4,6.0,3.46,High,f
320,6.7,3.9,8.2,4.3,0.9,2.83,Moderate,m
321,5.7,3.4,9.6,2.6,2.7,3.13,Low,f
322,5.9,2.0,7.0,0.9,8.2,3.0,Low,m
323,6.8,0.3,5.1,0.8,11.0,3.03,High,f
324,9.8,1.7,6.6,3.0,2.9,3.58,High,f
325,7.2,0.4,8.2,1.3,6.9,3.39,Moderate,m
326,5.8,0.2,8.9,2.8,6.3,3.11,Low,m
327,5.3,4.0,5.3,4.2,5.2,2.67,High,f
328,8.5,0.2,7.5,6.0,1.8,3.21,High,m
329,9.1,2.5,6.5,3.7,2.2,2.85,High,f
330,5.7,3.5,7.2,1.2,6.4,3.04,Low,m
331,6.8,1.7,9.1,4.4,2.0,2.9,Moderate,m
332,5.1,1.0,8.8,0.8,8.3,2.25,Low,f
333,7.7,0.9,5.1,1.4,8.9,3.15,High,f
334,5.5,2.2,7.3,5.1,3.9,2.94,Low,m
335,5.5,2.0,5.8,1.9,8.8,2.79,High,f
336,6.9,1.6,7.3,4.7,3.5,3.38,Moderate,m
337,9.5,3.8,8.9,0.6,1.2,3.3,High,f
338,6.3,3.4,5.2,5.4,3.7,3.31,High,m
339,7.3,2.5,8.3,5.3,0.6,3.36,Moderate,m
340,5.3,2.1,5.8,4.4,6.4,3.11,High,f
341,7.6,2.7,5.2,0.5,8.0,3.07,High,f
342,5.4,0.0,9.8,4.4,4.4,2.85,Low,f
343,6.8,1.2,6.7,4.6,4.7,2.81,Moderate,f
344,5.9,0.4,8.3,4.6,4.8,2.99,Low,f
345,6.3,0.1,5.4,5.8,6.4,3.14,High,m
346,8.1,1.5,6.0,0.7,7.7,3.06,High,m
347,8.1,3.1,8.2,2.4,2.2,3.09,High,m
348,9.9,2.4,7.9,2.8,1.0,3.67,High,f
349,9.1,2.6,5.6,2.0,4.7,3.16,High,f
350,7.2,2.5,9.7,1.1,3.5,2.69,Moderate,f
351,5.6,0.8,9.4,3.9,4.3,3.01,Low,f
352,9.3,3.4,9.6,0.4,1.3,3.28,High,m
353,8.8,1.8,9.2,3.1,1.1,3.45,High,m
354,5.9,2.2,9.9,5.6,0.4,3.12,Low,f
355,5.2,0.7,5.7,4.4,8.0,2.67,High,m
356,7.5,3.4,8.7,2.4,2.0,3.24,Moderate,f
357,8.0,2.0,6.5,3.4,4.1,3.35,Moderate,f
358,8.2,3.0,5.8,2.8,4.2,3.31,High,f
359,5.0,1.0,8.6,6.0,3.4,2.71,Low,f
360,9.0,0.8,7.8,4.4,2.0,3.18,High,m
361,8.1,0.8,6.8,4.7,3.6,3.19,High,f
362,8.8,0.1,8.7,1.2,5.2,3.32,High,f
363,9.8,1.5,6.6,0.9,5.2,3.61,High,m
364,10.0,1.5,7.2,3.8,1.5,3.43,High,f
365,9.4,2.4,7.0,2.1,3.1,3.1,High,f
366,9.0,0.4,7.9,2.9,3.8,3.6,High,f
367,8.2,0.3,7.9,3.4,4.2,3.64,High,m
368,8.4,3.2,6.3,5.0,1.1,3.5,High,f
369,7.5,0.3,5.3,2.0,8.9,3.26,High,f
370,8.9,2.1,7.2,0.9,4.9,3.53,High,f
371,6.6,1.7,5.4,1.3,9.0,3.29,High,f
372,10.0,3.7,8.2,0.9,1.2,3.63,High,f
373,8.2,3.1,5.6,2.5,4.6,3.16,High,f
374,7.9,2.4,5.9,2.2,5.6,3.4,High,f
375,6.7,0.1,5.1,5.0,7.1,3.03,High,m
376,6.5,3.8,6.3,2.6,4.8,2.62,Moderate,f
377,9.4,3.4,5.9,4.3,1.0,3.18,High,m
378,5.7,0.3,8.6,3.0,6.4,2.28,Low,f
379,7.2,2.9,8.8,0.8,4.3,2.88,Moderate,f
380,8.8,2.6,9.8,0.2,2.6,3.38,High,f
381,5.3,1.1,6.3,1.5,9.8,2.75,Low,f
382,6.4,3.0,7.2,4.7,2.7,3.03,Moderate,f
383,5.3,2.0,5.2,0.4,11.1,2.31,High,f
384,6.7,3.6,5.1,4.0,4.6,3.18,High,m
385,9.8,2.2,9.7,0.1,2.2,3.16,High,f
386,8.7,3.9,6.3,3.3,1.8,3.2,High,f
387,6.0,2.3,7.3,5.8,2.6,2.58,Moderate,f
388,5.6,0.6,6.1,1.5,10.2,3.07,Low,f
389,9.3,2.2,7.6,0.6,4.3,3.48,High,m
390,5.3,2.8,7.7,0.5,7.7,2.93,Low,f
391,7.3,1.9,5.8,5.7,3.3,3.18,High,m
392,7.3,1.6,8.3,3.3,3.5,3.28,Moderate,f
393,5.3,2.1,9.0,2.8,4.8,2.67,Low,f
394,5.8,1.3,8.8,3.1,5.0,2.71,Low,m
395,6.0,3.5,9.4,4.4,0.7,2.84,Moderate,m
396,9.9,3.1,5.1,0.4,5.5,3.17,High,m
397,7.3,3.6,7.7,2.7,2.7,3.15,Moderate,f
398,9.1,1.5,8.9,4.3,0.2,3.21,High,f
399,6.0,2.1,6.4,4.8,4.7,3.27,Moderate,f
400,9.0,1.6,9.6,2.0,1.8,3.57,High,m
401,5.8,2.8,9.0,1.9,4.5,2.8,Low,f
402,5.9,3.6,8.3,0.9,5.3,2.8,Low,f
403,7.2,2.5,5.4,5.3,3.6,3.08,High,f
404,9.8,1.7,9.9,1.7,0.9,3.75,High,f
405,8.2,0.7,9.4,2.4,3.3,3.47,High,f
406,8.6,3.6,5.4,4.4,2.0,3.81,High,m
407,5.9,3.4,9.1,3.0,2.6,2.68,Low,f
408,7.4,3.3,7.3,2.1,3.9,3.34,Moderate,m
409,7.5,3.3,6.7,1.0,5.5,3.29,Moderate,f
410,5.5,1.0,5.7,2.1,9.7,2.93,High,f
411,7.3,3.0,8.3,3.4,2.0,3.29,Moderate,m
412,7.4,3.9,8.2,0.6,3.9,3.02,Moderate,m
413,8.4,1.3,8.4,0.4,5.5,3.32,High,m
414,6.1,3.3,6.4,3.9,4.3,2.86,Moderate,m
415,8.5,2.1,6.5,1.3,5.6,3.38,High,m
416,9.4,3.1,8.9,1.7,0.9,3.45,High,m
417,6.3,3.6,8.4,3.2,2.5,2.92,Moderate,f
418,7.3,3.5,7.7,2.1,3.4,2.9,Moderate,f
419,9.9,0.4,7.1,0.3,6.3,3.55,High,m
420,6.4,3.4,6.5,5.5,2.2,3.0,Moderate,m
421,8.8,3.2,5.1,5.8,1.1,3.13,High,m
422,9.1,1.1,9.4,0.5,3.9,3.58,High,f
423,8.5,2.2,5.5,1.5,6.3,3.27,High,m
424,6.5,2.4,6.5,1.8,6.8,2.91,Moderate,f
425,8.7,0.2,9.5,4.8,0.8,3.5,High,m
426,9.5,0.7,5.4,1.4,7.0,3.77,High,m
427,9.0,0.1,7.9,6.0,1.0,3.36,High,f
428,5.3,3.3,8.0,0.7,6.7,3.03,Low,m
429,5.5,3.6,8.3,5.0,1.6,2.86,Low,m
430,7.6,1.7,6.6,2.6,5.5,3.34,Moderate,m
431,8.9,2.4,9.5,1.4,1.8,3.66,High,f
432,8.0,2.8,6.2,3.1,3.9,3.46,Moderate,f
433,5.5,1.5,7.4,3.9,5.7,2.85,Low,f
434,8.7,2.0,8.2,0.4,4.7,3.42,High,f
435,6.3,1.4,7.4,0.3,8.6,2.86,Moderate,f
436,9.9,1.3,7.4,1.1,4.3,3.35,High,f
437,8.1,1.1,6.0,3.1,5.7,3.15,High,m
438,9.0,2.3,7.6,1.5,3.6,3.2,High,m
439,9.7,1.6,5.4,3.7,3.6,3.39,High,f
440,7.5,3.5,7.5,3.9,1.6,2.97,Moderate,f
441,10.0,0.5,6.4,2.4,4.7,3.14,High,f
442,9.5,2.9,8.0,1.1,2.5,3.11,High,m
443,9.1,3.8,9.1,0.0,2.0,3.27,High,f
444,6.3,0.2,8.0,4.1,5.4,2.97,Moderate,f
445,5.6,1.5,7.3,2.2,7.4,2.8,Low,m
446,8.8,0.3,5.4,2.1,7.4,3.12,High,m
447,9.7,2.7,8.4,1.2,2.0,3.44,High,f
448,8.2,3.7,8.1,3.5,0.5,3.23,High,m
449,8.6,0.5,9.5,0.4,5.0,3.06,High,m
450,5.1,1.7,6.5,2.9,7.8,2.79,Low,f
451,7.9,0.2,5.6,3.4,6.9,3.44,High,f
452,8.3,3.4,8.5,1.6,2.2,3.07,High,m
453,8.4,1.1,6.5,4.7,3.3,3.54,High,m
454,9.1,3.4,9.6,0.8,1.1,3.31,High,f
455,6.6,2.3,6.9,3.6,4.6,3.2,Moderate,m
456,6.9,0.7,7.2,0.9,8.3,3.26,Moderate,f
457,9.5,1.4,5.8,0.2,7.1,3.69,High,m
458,6.7,0.3,7.0,1.9,8.1,3.28,Moderate,f
459,8.4,2.4,6.8,1.3,5.1,3.25,High,m
460,8.4,0.6,7.4,0.2,7.4,3.32,High,m
461,7.5,3.9,6.9,0.2,5.5,3.11,Moderate,m
462,5.8,0.1,8.8,2.8,6.5,2.8,Low,f
463,6.4,3.6,5.6,5.7,2.7,3.1,High,m
464,8.0,3.3,9.9,0.8,2.0,3.13,Moderate,f
465,9.8,1.6,6.9,1.9,3.8,3.23,High,m
466,7.8,2.2,8.8,4.3,0.9,3.2,Moderate,m
467,7.2,1.2,6.3,1.2,8.1,3.05,Moderate,f
468,6.4,3.9,7.8,2.0,3.9,2.87,Moderate,m
469,7.9,0.6,7.2,3.8,4.5,2.68,Moderate,f
470,10.0,3.5,8.1,1.4,1.0,3.44,High,f
471,8.1,0.8,7.0,0.2,7.9,3.74,High,f
472,6.1,3.9,9.5,3.2,1.3,2.61,Moderate,f
473,7.7,3.5,5.7,4.7,2.4,3.21,High,m
474,6.4,3.5,9.7,0.7,3.7,2.89,Moderate,f
475,7.3,3.9,7.4,4.7,0.7,2.74,Moderate,m
476,6.4,0.8,8.8,2.3,5.7,3.21,Moderate,m
477,7.6,2.0,7.9,5.2,1.3,3.13,Moderate,f
478,9.1,3.1,7.9,3.7,0.2,3.42,High,m
479,6.0,0.4,9.3,2.6,5.7,3.02,Moderate,f
480,8.1,3.7,5.1,2.9,4.2,2.63,High,f
481,8.4,2.9,8.5,0.6,3.6,3.07,High,f
482,9.0,1.1,6.1,5.7,2.1,3.07,High,f
483,5.0,4.0,8.4,5.0,1.6,2.9,Low,m
484,8.7,0.6,8.8,4.5,1.4,3.41,High,f
485,8.3,3.1,9.2,2.1,1.3,3.24,High,m
486,5.4,1.6,7.0,0.4,9.6,2.63,Low,f
487,6.7,0.4,9.0,5.7,2.2,2.63,Moderate,f
488,5.4,2.0,9.0,4.2,3.4,2.85,Low,f
489,5.3,0.3,7.0,1.8,9.6,2.64,Low,f
490,9.0,3.7,7.0,3.9,0.4,3.16,High,m
491,6.6,1.9,6.1,3.8,5.6,3.0,Moderate,f
492,6.8,2.6,5.6,5.3,3.7,3.08,High,m
493,7.5,1.8,7.9,3.7,3.1,3.17,Moderate,f
494,6.2,2.9,9.1,4.7,1.1,2.83,Moderate,f
495,7.8,2.1,5.7,4.7,3.7,3.16,High,m
496,6.4,0.5,8.1,0.3,8.7,2.61,Moderate,f
497,8.7,1.3,5.0,3.1,5.9,3.24,High,f
498,9.2,0.0,6.2,4.4,4.2,3.41,High,f
499,6.6,0.4,6.8,1.6,8.6,2.89,Moderate,f
500,8.9,3.6,7.2,3.9,0.4,3.51,High,m
501,6.9,3.9,5.4,4.1,3.7,2.55,High,f
502,8.2,2.8,5.0,1.0,7.0,3.2,High,f
503,8.6,2.7,9.8,2.2,0.7,3.31,High,f
504,6.5,0.4,8.9,3.9,4.3,3.01,Moderate,f
505,5.2,1.4,9.8,3.0,4.6,2.49,Low,f
506,6.0,1.5,6.8,0.3,9.4,2.44,Moderate,f
507,8.8,1.7,9.1,3.7,0.7,3.44,High,f
508,7.4,3.5,6.1,4.1,2.9,2.88,Moderate,f
509,8.0,1.2,5.7,3.9,5.2,3.03,High,m
510,8.2,1.6,8.6,1.1,4.5,3.46,High,f
511,9.5,1.1,6.8,0.3,6.3,3.43,High,m
512,6.3,3.3,5.1,2.3,7.0,2.74,High,m
513,6.7,0.1,5.6,2.5,9.1,2.49,High,f
514,7.7,2.4,5.0,2.8,6.1,3.12,High,m
515,9.8,2.1,8.4,1.2,2.5,3.61,High,f
516,7.6,3.9,5.6,0.1,6.8,3.28,High,f
517,8.9,3.2,5.6,1.6,4.7,3.36,High,m
518,6.7,1.5,5.0,1.8,9.0,3.31,High,m
519,8.2,3.9,9.2,0.1,2.6,3.26,High,f
520,8.9,1.8,7.0,1.8,4.5,3.38,High,m
521,5.3,0.9,6.2,2.9,8.7,2.76,Low,f
522,5.3,3.8,9.7,4.1,1.1,3.13,Low,f
523,10.0,2.2,9.8,0.2,1.8,3.25,High,m
524,6.0,0.6,8.1,4.7,4.6,2.78,Moderate,m
525,7.9,0.6,9.1,3.8,2.6,3.5,Moderate,m
526,6.3,1.4,9.6,1.7,5.0,2.74,Moderate,m
527,7.3,3.6,8.5,0.3,4.3,2.93,Moderate,f
528,5.7,3.8,7.6,1.5,5.4,3.27,Low,f
529,7.5,2.7,5.4,1.6,6.8,3.09,High,m
530,7.7,1.7,5.2,1.0,8.4,3.43,High,f
531,7.2,0.8,5.2,5.1,5.7,2.99,High,m
532,9.8,0.8,9.8,3.6,0.0,3.59,High,f
533,8.6,3.9,7.8,1.0,2.7,3.69,High,m
534,5.4,2.5,9.9,1.1,5.1,2.54,Low,f
535,9.0,3.6,9.7,1.6,0.1,3.44,High,f
536,8.8,0.6,7.4,4.3,2.9,3.32,High,m
537,6.2,2.6,8.3,1.0,5.9,3.23,Moderate,f
538,7.5,0.0,5.0,2.1,9.4,3.2,High,m
539,9.6,0.9,8.2,1.2,4.1,3.62,High,f
540,8.6,0.4,7.1,0.2,7.7,3.2,High,f
541,7.4,2.6,5.6,1.7,6.7,3.26,High,m
542,10.0,0.2,8.8,1.9,3.1,3.46,High,m
543,7.0,3.0,9.6,4.2,0.2,2.68,Moderate,f
544,8.9,1.0,7.8,2.2,4.1,3.54,High,f
545,8.3,1.0,6.0,5.5,3.2,3.25,High,f
546,6.1,0.2,5.2,1.1,11.4,2.72,High,m
547,9.3,1.1,9.8,2.2,1.6,3.79,High,m
548,7.6,3.0,6.4,2.1,4.9,2.83,Moderate,f
549,9.5,3.8,9.5,0.5,0.7,3.4,High,f
550,7.5,0.8,8.0,1.1,6.6,3.43,Moderate,f
551,6.7,3.4,6.0,0.4,7.5,2.48,Moderate,f
552,9.1,3.3,6.7,3.4,1.5,3.4,High,f
553,8.9,2.6,5.8,5.3,1.4,2.98,High,m
554,7.1,0.2,5.6,4.6,6.5,3.13,High,f
555,5.0,1.7,7.6,0.3,9.4,2.53,Low,f
556,6.2,0.0,8.6,5.8,3.4,2.71,Moderate,m
557,6.1,2.7,8.7,5.1,1.4,2.57,Moderate,m
558,6.6,2.9,9.1,1.0,4.4,2.85,Moderate,m
559,6.9,3.6,9.0,4.4,0.1,2.92,Moderate,f
560,8.0,2.6,5.4,3.3,4.7,3.48,High,f
561,8.5,0.7,8.9,3.4,2.5,3.41,High,f
562,6.5,2.9,8.8,0.6,5.2,2.67,Moderate,m
563,7.6,2.0,6.8,5.6,2.0,3.25,Moderate,m
564,8.6,1.8,9.6,2.8,1.2,3.47,High,f
565,8.6,3.4,6.4,4.5,1.1,3.18,High,f
566,6.7,3.9,9.3,2.9,1.2,2.78,Moderate,m
567,8.6,2.2,9.7,1.7,1.8,3.07,High,f
568,8.9,2.9,6.9,0.1,5.2,3.26,High,m
569,9.2,0.0,8.5,5.8,0.5,3.08,High,m
570,8.5,3.3,7.7,4.4,0.1,3.2,High,f
571,5.3,2.0,8.6,5.2,2.9,2.89,Low,m
572,7.8,1.6,5.7,5.2,3.7,3.06,High,m
573,5.8,1.2,6.5,5.2,5.3,3.08,Low,m
574,6.3,2.5,7.9,5.0,2.3,3.07,Moderate,f
575,9.5,0.0,8.4,0.3,5.8,3.07,High,f
576,6.5,1.4,8.1,2.0,6.0,3.06,Moderate,f
577,8.7,1.6,5.3,4.7,3.7,3.2,High,f
578,8.4,1.3,5.3,2.2,6.8,2.92,High,f
579,9.7,2.6,8.4,2.1,1.2,3.38,High,f
580,8.8,0.4,6.4,1.7,6.7,3.05,High,f
581,7.2,3.9,5.3,3.1,4.5,3.03,High,m
582,8.7,2.8,7.1,1.9,3.5,3.12,High,f
583,7.0,1.1,6.0,2.9,7.0,2.87,Moderate,f
584,8.3,3.9,8.0,0.3,3.5,3.04,High,m
585,5.4,3.8,6.5,0.6,7.7,3.14,Low,f
586,8.2,1.1,5.1,5.8,3.8,3.5,High,m
587,6.3,2.7,8.5,3.7,2.8,2.72,Moderate,f
588,8.0,3.5,9.7,0.3,2.5,3.02,Moderate,f
589,5.8,3.8,8.7,5.0,0.7,2.95,Low,f
590,8.5,2.7,7.0,0.1,5.7,3.01,High,m
591,7.9,1.0,7.3,5.7,2.1,3.41,Moderate,f
592,5.9,2.7,9.9,0.6,4.9,2.82,Low,f
593,5.0,1.7,5.5,4.5,7.3,2.72,High,f
594,6.3,1.7,8.6,0.1,7.3,3.11,Moderate,f
595,7.9,2.5,8.2,1.3,4.1,3.08,Moderate,m
596,6.0,3.5,8.7,0.1,5.7,2.95,Moderate,f
597,6.2,0.9,6.4,1.5,9.0,2.92,Moderate,m
598,8.7,2.4,8.4,0.4,4.1,3.16,High,f
599,9.8,3.4,9.0,1.5,0.3,3.49,High,m
600,6.0,2.5,8.7,4.4,2.4,3.05,Moderate,f
601,7.6,0.3,6.9,5.5,3.7,3.35,Moderate,f
602,6.3,1.5,9.5,4.0,2.7,3.42,Moderate,f
603,8.9,1.8,8.2,1.3,3.8,3.21,High,m
604,7.2,2.6,9.7,0.3,4.2,3.42,Moderate,m
605,9.1,1.2,7.2,0.1,6.4,3.37,High,m
606,5.3,2.0,9.6,0.6,6.5,2.41,Low,f
607,8.8,1.6,8.3,1.4,3.9,3.26,High,m
608,5.4,0.7,8.3,5.3,4.3,2.75,Low,f
609,9.1,2.7,5.6,1.7,4.9,3.15,High,m
610,7.6,2.1,6.8,2.1,5.4,2.97,Moderate,f
611,9.1,3.2,6.5,4.8,0.4,3.34,High,m
612,6.8,2.0,9.7,4.8,0.7,3.09,Moderate,m
613,5.5,1.6,7.8,3.0,6.1,2.9,Low,f
614,8.4,3.4,9.3,2.2,0.7,3.2,High,m
615,7.2,2.4,5.8,4.0,4.6,3.19,High,m
616,6.1,0.5,5.8,0.0,11.6,2.73,High,f
617,8.6,2.9,7.6,0.8,4.1,3.15,High,f
618,5.5,0.9,7.6,3.6,6.4,2.57,Low,f
619,6.2,0.2,7.0,1.4,9.2,3.13,Moderate,f
620,7.1,1.7,7.7,4.2,3.3,3.48,Moderate,m
621,8.5,0.7,7.5,2.5,4.8,3.34,High,m
622,7.7,0.5,8.0,0.7,7.1,3.34,Moderate,f
623,6.7,0.6,8.5,1.2,7.0,3.18,Moderate,m
624,6.0,2.0,7.1,0.1,8.8,2.85,Moderate,f
625,9.0,0.3,7.4,3.4,3.9,3.64,High,m
626,6.3,0.0,8.6,3.2,5.9,3.14,Moderate,f
627,9.2,3.3,9.2,1.1,1.2,3.6,High,f
628,7.3,0.7,9.3,5.3,1.4,2.97,Moderate,m
629,7.3,0.3,6.9,4.8,4.7,3.09,Moderate,m
630,5.3,3.5,6.9,3.3,5.0,2.81,Low,f
631,9.8,0.3,8.2,0.4,5.3,3.71,High,m
632,7.2,4.0,7.8,1.6,3.4,2.98,Moderate,f
633,6.1,1.4,6.9,0.4,9.2,2.79,Moderate,f
634,8.6,2.6,8.5,0.0,4.3,2.85,High,f
635,6.1,2.6,7.4,0.0,7.9,3.03,Moderate,m
636,7.7,0.3,8.8,3.5,3.7,3.29,Moderate,m
637,8.9,3.0,9.0,1.6,1.5,3.42,High,m
638,8.1,3.0,5.8,1.2,5.9,3.04,High,f
639,9.5,3.0,9.5,1.5,0.5,3.76,High,m
640,9.4,2.3,8.2,0.6,3.5,3.62,High,f
641,7.4,2.9,6.4,1.2,6.1,2.89,Moderate,f
642,6.1,1.7,9.5,3.0,3.7,2.76,Moderate,m
643,5.9,0.3,8.5,2.3,7.0,2.99,Low,m
644,9.0,1.1,8.5,1.4,4.0,3.56,High,f
645,9.7,2.5,6.6,1.4,3.8,3.57,High,f
646,6.1,2.4,6.3,4.0,5.2,2.73,Moderate,m
647,9.1,3.1,8.8,0.6,2.4,3.42,High,m
648,6.8,1.7,5.2,1.6,8.7,2.91,High,m
649,5.2,3.5,6.2,3.3,5.8,2.8,Low,m
650,6.6,3.6,9.4,1.4,3.0,2.94,Moderate,f
651,9.5,4.0,9.1,1.2,0.2,3.52,High,f
652,5.3,0.4,10.0,2.0,6.3,2.49,Low,m
653,8.7,3.2,9.3,2.8,0.0,3.1,High,m
654,5.1,1.4,8.9,3.4,5.2,2.72,Low,m
655,6.6,2.6,6.2,0.1,8.5,3.11,Moderate,f
656,8.8,0.2,9.2,3.6,2.2,3.59,High,f
657,7.8,2.5,9.3,2.6,1.8,3.2,Moderate,f
658,8.8,1.8,8.5,1.9,3.0,3.32,High,m
659,6.1,2.4,9.6,5.5,0.4,2.99,Moderate,f
660,6.1,4.0,9.9,2.6,1.4,2.49,Moderate,f
661,9.0,2.9,8.0,0.2,3.9,3.74,High,f
662,8.4,1.5,9.7,0.7,3.7,3.16,High,m
663,7.5,2.8,8.5,3.4,1.8,2.98,Moderate,m
664,8.2,2.4,5.9,4.2,3.3,3.13,High,f
665,7.3,2.7,9.2,0.8,4.0,3.41,Moderate,m
666,9.2,3.2,9.8,1.0,0.8,3.55,High,f
667,7.4,1.6,5.8,3.4,5.8,3.19,High,f
668,7.9,2.4,6.8,0.3,6.6,3.14,Moderate,m
669,5.2,1.7,5.4,3.6,8.1,2.55,High,m
670,9.3,3.5,6.0,3.8,1.4,3.52,High,f
671,6.4,3.2,10.0,0.1,4.3,3.01,Moderate,f
672,9.9,1.9,9.2,0.2,2.8,3.65,High,f
673,6.7,0.3,9.9,4.9,2.2,2.96,Moderate,f
674,5.4,0.8,6.1,2.8,8.9,2.66,Low,f
675,6.3,0.4,5.8,0.9,10.6,2.93,High,f
676,6.4,3.2,6.6,1.8,6.0,3.06,Moderate,f
677,6.2,0.5,6.3,2.1,8.9,2.84,Moderate,m
678,6.1,3.2,5.7,2.1,6.9,2.95,High,m
679,9.3,0.6,5.4,2.9,5.8,3.51,High,m
680,9.0,0.5,7.9,3.0,3.6,2.99,High,f
681,5.7,2.5,6.4,2.9,6.5,2.84,Low,f
682,6.5,3.3,5.3,2.5,6.4,2.81,High,f
683,7.3,2.9,7.9,3.9,2.0,3.19,Moderate,f
684,6.6,2.2,9.2,5.9,0.1,3.06,Moderate,m
685,9.4,1.5,6.0,2.9,4.2,3.4,High,f
686,7.4,3.4,6.8,5.2,1.2,3.45,Moderate,f
687,7.0,1.3,7.3,4.6,3.8,3.0,Moderate,m
688,9.8,0.7,7.8,3.3,2.4,3.41,High,f
689,7.4,2.6,6.1,3.3,4.6,3.41,Moderate,f
690,5.7,2.3,5.9,1.7,8.4,2.62,High,f
691,6.1,0.7,9.1,1.7,6.4,2.69,Moderate,f
692,6.9,3.2,6.8,0.5,6.6,3.08,Moderate,m
693,7.8,3.4,9.0,0.7,3.1,2.95,Moderate,f
694,6.1,3.5,6.2,1.6,6.6,3.05,Moderate,f
695,5.0,3.5,9.0,3.8,2.7,2.62,Low,m
696,7.3,1.4,5.5,2.9,6.9,3.19,High,f
697,9.6,0.2,6.5,1.2,6.5,3.5,High,f
698,7.3,1.9,8.8,0.9,5.1,3.06,Moderate,f
699,7.4,1.7,8.0,6.0,0.9,3.0,Moderate,f
700,9.1,0.7,5.2,1.2,7.8,3.64,High,m
701,6.7,2.0,8.1,5.5,1.7,3.11,Moderate,f
702,5.3,0.1,7.8,2.6,8.2,3.58,Low,f
703,9.2,0.6,5.1,2.7,6.4,3.27,High,f
704,8.0,1.1,5.9,2.3,6.7,3.27,High,m
705,9.0,1.6,8.8,0.6,4.0,3.2,High,m
706,8.4,2.3,9.6,1.4,2.3,3.41,High,f
707,5.3,0.1,9.1,3.1,6.4,2.65,Low,m
708,6.7,0.1,9.8,4.0,3.4,3.15,Moderate,f
709,9.7,1.1,8.1,3.5,1.6,3.63,High,f
710,9.7,3.5,8.7,0.6,1.5,3.36,High,f
711,6.4,3.9,5.1,4.3,4.3,3.14,High,f
712,10.0,1.2,6.7,0.5,5.6,3.79,High,f
713,7.2,1.0,6.7,5.0,4.1,3.21,Moderate,f
714,5.3,0.4,5.8,3.6,8.9,2.76,High,m
715,5.8,3.9,7.2,3.0,4.1,2.83,Low,f
716,8.3,3.0,8.8,2.3,1.6,2.92,High,f
717,9.5,3.3,8.8,0.1,2.3,3.24,High,f
718,7.0,3.5,9.5,3.6,0.4,3.4,Moderate,f
719,6.6,2.8,6.4,1.1,7.1,2.88,Moderate,m
720,7.1,3.3,5.6,4.4,3.6,2.85,High,m
721,7.7,1.2,7.5,1.8,5.8,2.88,Moderate,m
722,5.8,0.5,7.7,5.4,4.6,3.27,Low,m
723,6.7,2.9,8.3,5.6,0.5,3.06,Moderate,f
724,8.3,3.6,7.0,1.7,3.4,3.5,High,f
725,5.1,3.3,9.0,0.6,6.0,2.54,Low,f
726,5.6,3.9,6.1,0.4,8.0,3.32,Low,f
727,8.0,3.0,5.2,4.0,3.8,3.01,High,f
728,5.9,2.3,6.5,5.6,3.7,2.9,Low,f
729,9.1,3.9,6.3,4.6,0.1,2.98,High,f
730,5.3,0.2,8.5,2.7,7.3,2.62,Low,f
731,6.1,2.5,6.3,3.5,5.6,3.13,Moderate,f
732,9.1,1.9,6.8,2.2,4.0,3.27,High,f
733,9.0,1.3,6.0,0.5,7.2,3.05,High,f
734,9.2,0.9,6.9,4.9,2.1,2.81,High,m
735,9.1,1.5,7.3,1.8,4.3,3.4,High,m
736,7.7,0.1,7.4,2.4,6.4,3.24,Moderate,f
737,5.8,2.6,9.9,3.2,2.5,2.8,Low,m
738,7.1,0.5,8.1,5.6,2.7,3.1,Moderate,f
739,8.3,0.3,6.8,3.3,5.3,3.48,High,f
740,9.1,2.4,6.9,1.4,4.2,3.3,High,f
741,5.5,1.4,7.1,4.1,5.9,2.71,Low,m
742,7.0,0.7,5.8,5.0,5.5,3.09,High,f
743,5.2,1.7,5.8,5.3,6.0,2.48,High,f
744,7.5,2.9,9.8,0.8,3.0,3.19,Moderate,f
745,9.4,3.7,9.6,0.8,0.5,3.16,High,f
746,8.8,2.1,8.4,2.0,2.7,3.66,High,m
747,8.7,3.3,5.7,5.0,1.3,3.55,High,m
748,7.2,1.5,9.6,1.4,4.3,3.11,Moderate,m
749,9.2,1.9,7.6,1.6,3.7,3.02,High,f
750,5.2,1.1,5.0,5.9,6.8,2.93,High,f
751,9.8,1.6,8.6,1.4,2.6,3.68,High,m
752,9.7,1.6,8.9,1.0,2.8,3.57,High,m
753,10.0,0.1,8.0,3.9,2.0,3.35,High,f
754,9.7,0.7,8.1,1.2,4.3,3.53,High,f
755,6.5,2.2,7.1,1.0,7.2,2.91,Moderate,m
756,8.8,3.6,5.4,2.4,3.8,3.08,High,m
757,5.5,0.1,8.3,3.6,6.5,2.73,Low,m
758,5.1,3.3,9.9,0.8,4.9,2.64,Low,m
759,6.2,3.5,9.6,2.0,2.7,2.55,Moderate,m
760,5.1,2.3,5.1,4.7,6.8,3.03,High,f
761,6.5,0.2,7.9,2.4,7.0,2.98,Moderate,m
762,6.4,2.8,6.4,5.4,3.0,3.05,Moderate,f
763,6.9,2.2,5.3,2.6,7.0,3.12,High,f
764,6.1,0.9,9.1,5.6,2.3,3.01,Moderate,m
765,5.5,1.8,6.7,5.2,4.8,2.24,Low,m
766,6.7,1.6,7.6,1.0,7.1,2.93,Moderate,m
767,7.9,3.2,8.8,0.6,3.5,3.09,Moderate,m
768,6.8,1.6,8.4,0.3,6.9,2.88,Moderate,f
769,5.2,1.6,8.5,1.2,7.5,2.52,Low,m
770,9.4,3.6,6.5,1.0,3.5,3.57,High,f
771,7.1,1.0,8.4,5.0,2.5,3.26,Moderate,f
772,7.0,0.6,8.7,2.2,5.5,3.15,Moderate,m
773,8.4,1.1,5.4,6.0,3.1,3.44,High,f
774,9.3,1.2,7.3,3.7,2.5,3.76,High,f
775,7.1,1.7,6.7,3.4,5.1,2.99,Moderate,m
776,9.7,2.8,9.1,1.3,1.1,3.54,High,f
777,8.9,0.1,9.1,0.2,5.7,3.14,High,f
778,8.8,1.0,9.3,0.5,4.4,3.18,High,m
779,5.6,3.9,8.4,5.1,1.0,3.08,Low,f
780,8.0,2.4,8.4,3.0,2.2,2.96,Moderate,f
781,7.1,1.1,8.8,1.4,5.6,2.85,Moderate,f
782,8.1,3.0,6.1,0.4,6.4,3.37,High,f
783,5.7,2.4,9.2,0.3,6.4,2.69,Low,f
784,7.4,3.7,6.7,2.8,3.4,3.36,Moderate,m
785,5.1,0.3,6.3,0.2,12.1,2.55,Low,m
786,7.7,0.7,6.5,4.0,5.1,3.54,Moderate,f
787,9.8,0.2,9.5,2.6,1.9,3.47,High,f
788,5.3,0.4,8.0,2.0,8.3,3.37,Low,m
789,9.6,1.6,5.7,4.3,2.8,3.49,High,m
790,8.5,3.6,9.0,2.0,0.9,2.9,High,f
791,8.4,3.8,6.5,0.0,5.3,3.08,High,f
792,8.3,2.5,8.0,0.1,5.1,3.1,High,f
793,8.6,1.3,8.3,3.2,2.6,3.11,High,m
794,5.5,3.3,9.6,3.6,2.0,2.75,Low,m
795,5.5,1.6,8.6,4.7,3.6,2.64,Low,m
796,6.3,0.1,7.7,5.1,4.8,3.22,Moderate,m
797,9.8,2.3,7.6,0.4,3.9,3.04,High,f
798,8.0,1.6,6.2,0.6,7.6,3.38,Moderate,f
799,6.6,0.4,5.9,5.9,5.2,3.27,High,f
800,9.4,4.0,7.9,2.2,0.5,2.91,High,m
801,6.6,1.2,7.0,4.0,5.2,2.76,Moderate,m
802,5.7,2.5,5.6,3.5,6.7,3.08,High,f
803,8.5,2.8,8.8,3.4,0.5,3.63,High,f
804,8.1,0.7,5.1,1.7,8.4,3.21,High,f
805,7.2,2.5,9.2,1.0,4.1,3.07,Moderate,m
806,7.9,2.2,5.4,0.3,8.2,2.99,High,f
807,5.5,2.3,7.7,1.4,7.1,3.05,Low,m
808,5.2,2.0,8.4,1.5,6.9,2.88,Low,f
809,6.5,2.5,9.5,4.5,1.0,3.29,Moderate,f
810,6.8,2.6,7.3,1.1,6.2,3.13,Moderate,f
811,8.5,2.2,6.8,5.5,1.0,3.07,High,m
812,8.4,1.6,8.8,2.4,2.8,3.51,High,m
813,7.1,3.7,6.3,0.7,6.2,3.15,Moderate,f
814,6.9,0.2,6.7,3.0,7.2,3.05,Moderate,f
815,5.8,2.6,10.0,2.5,3.1,2.64,Low,m
816,5.6,3.5,7.1,2.3,5.5,2.5,Low,m
817,8.3,1.8,8.2,0.4,5.3,3.33,High,f
818,5.8,1.9,8.0,3.5,4.8,2.9,Low,f
819,7.0,1.4,5.6,2.4,7.6,3.15,High,m
820,6.0,0.2,7.8,3.6,6.4,2.75,Moderate,m
821,9.4,2.3,6.7,4.5,1.1,3.25,High,f
822,7.8,3.6,7.0,1.7,3.9,3.19,Moderate,m
823,5.7,0.6,7.2,3.6,6.9,2.96,Low,f
824,9.1,0.3,7.4,3.8,3.4,3.66,High,m
825,9.1,3.1,6.4,5.1,0.3,3.45,High,f
826,7.9,3.7,8.4,1.9,2.1,2.68,Moderate,m
827,9.0,3.8,5.1,5.9,0.2,3.22,High,f
828,7.2,2.6,6.9,0.3,7.0,3.0,Moderate,f
829,8.0,3.6,6.9,1.2,4.3,3.08,Moderate,f
830,9.1,3.3,7.9,1.3,2.4,3.35,High,f
831,9.0,2.2,9.1,2.3,1.4,3.44,High,f
832,7.1,3.8,7.7,3.3,2.1,3.33,Moderate,m
833,6.1,2.5,7.9,1.1,6.4,2.94,Moderate,f
834,8.8,2.1,6.1,4.0,3.0,3.2,High,f
835,5.4,1.8,5.8,1.1,9.9,2.71,High,f
836,5.3,1.6,7.6,2.9,6.6,2.54,Low,m
837,6.9,3.4,5.7,3.0,5.0,3.37,High,f
838,9.4,2.2,9.8,0.1,2.5,3.79,High,m
839,5.5,0.2,5.9,3.2,9.2,2.74,High,f
840,9.7,3.4,6.5,0.3,4.1,3.48,High,f
841,5.8,0.5,5.6,3.1,9.0,2.73,High,f
842,9.9,2.7,9.7,0.2,1.5,3.23,High,m
843,6.9,2.2,5.4,0.0,9.5,3.27,High,f
844,7.1,2.0,7.1,0.1,7.7,3.34,Moderate,f
845,6.7,0.7,5.5,5.7,5.4,3.31,High,m
846,6.6,1.6,6.2,0.6,9.0,3.12,Moderate,f
847,5.9,3.2,8.4,3.3,3.2,3.05,Low,m
848,5.4,1.1,6.7,4.7,6.1,2.8,Low,f
849,10.0,1.0,9.4,3.0,0.6,3.4,High,m
850,7.0,3.9,5.9,4.8,2.4,2.78,High,m
851,6.7,2.9,7.1,3.5,3.8,3.09,Moderate,f
852,9.3,0.2,8.5,0.8,5.2,3.49,High,f
853,7.1,2.2,7.0,3.1,4.6,2.87,Moderate,m
854,5.7,0.6,9.7,5.3,2.7,3.18,Low,m
855,9.5,4.0,6.0,1.6,2.9,3.39,High,f
856,7.1,1.4,8.0,3.5,4.0,3.48,Moderate,f
857,5.8,1.9,7.8,3.4,5.1,3.01,Low,f
858,5.1,1.4,8.9,3.4,5.2,2.6,Low,f
859,6.3,2.8,7.8,4.8,2.3,3.08,Moderate,f
860,7.4,0.5,6.3,2.5,7.3,3.4,Moderate,f
861,8.0,2.1,6.4,0.0,7.5,2.83,Moderate,f
862,8.7,0.1,7.9,5.6,1.7,3.3,High,f
863,5.9,1.9,5.5,3.8,6.9,2.45,High,f
864,7.6,3.6,6.0,0.1,6.7,3.38,Moderate,f
865,9.3,2.3,9.5,1.7,1.2,3.34,High,m
866,8.7,3.7,7.9,0.7,3.0,3.57,High,m
867,6.3,0.8,6.2,1.8,8.9,3.37,Moderate,m
868,7.1,2.5,5.4,0.5,8.5,3.33,High,f
869,5.9,2.1,6.1,1.7,8.2,3.13,Low,f
870,5.1,2.6,8.3,4.8,3.2,2.69,Low,m
871,9.7,0.1,5.8,5.3,3.1,3.92,High,m
872,8.3,2.7,9.7,3.3,0.0,2.95,High,m
873,8.6,1.1,9.4,0.2,4.7,3.36,High,f
874,6.3,0.9,5.7,5.2,5.9,2.9,High,m
875,7.5,2.7,6.2,4.5,3.1,2.97,Moderate,f
876,7.1,0.8,9.9,3.9,2.3,3.28,Moderate,m
877,9.7,1.2,8.9,3.2,1.0,3.26,High,f
878,8.4,2.9,7.9,1.0,3.8,3.2,High,f
879,7.5,1.2,7.1,3.9,4.3,2.96,Moderate,f
880,7.0,1.1,6.0,4.7,5.2,3.2,Moderate,f
881,9.5,1.5,8.8,3.8,0.4,3.36,High,m
882,9.8,1.5,6.7,0.4,5.6,3.54,High,m
883,7.4,0.4,6.2,1.9,8.1,3.16,Moderate,f
884,6.5,3.4,9.3,3.7,1.1,3.02,Moderate,f
885,5.7,2.8,9.7,4.0,1.8,2.86,Low,m
886,8.2,2.0,5.6,1.9,6.3,2.81,High,m
887,9.0,3.4,5.7,5.6,0.3,3.59,High,m
888,8.8,3.2,9.7,0.7,1.6,3.07,High,m
889,9.3,0.5,8.5,4.2,1.5,3.17,High,f
890,9.4,0.7,5.3,4.3,4.3,3.57,High,m
891,7.4,3.4,6.9,1.0,5.3,3.15,Moderate,f
892,5.9,2.9,7.6,3.6,4.0,3.13,Low,m
893,7.3,3.3,9.1,3.1,1.2,3.34,Moderate,f
894,6.8,3.5,8.6,0.6,4.5,3.23,Moderate,f
895,7.0,3.5,5.2,5.8,2.5,3.26,High,f
896,6.4,1.0,9.7,1.8,5.1,3.25,Moderate,m
897,8.9,1.6,5.7,0.1,7.7,3.42,High,f
898,6.8,1.4,6.7,3.1,6.0,3.03,Moderate,f
899,7.2,3.5,7.5,2.9,2.9,3.04,Moderate,f
900,8.3,2.4,7.1,2.5,3.7,3.22,High,f
901,8.9,0.8,9.1,3.4,1.8,3.1,High,f
902,6.3,3.0,7.6,1.9,5.2,2.48,Moderate,f
903,8.0,4.0,7.2,4.4,0.4,3.11,Moderate,f
904,6.0,1.7,6.1,0.0,10.2,2.87,Moderate,m
905,9.6,3.4,8.7,0.4,1.9,3.5,High,m
906,7.2,0.5,7.6,2.1,6.6,3.11,Moderate,m
907,6.9,2.5,8.6,0.7,5.3,3.29,Moderate,m
908,6.7,1.8,8.4,3.1,4.0,2.92,Moderate,f
909,9.3,3.5,5.0,4.7,1.5,3.45,High,f
910,7.4,3.9,8.8,1.0,2.9,3.11,Moderate,m
911,7.7,4.0,9.3,0.3,2.7,2.96,Moderate,m
912,5.0,1.6,6.2,4.9,6.3,3.01,Low,m
913,6.7,3.3,5.0,1.8,7.2,2.85,High,m
914,5.3,0.7,7.8,1.7,8.5,2.64,Low,f
915,7.1,1.5,9.4,5.4,0.6,2.65,Moderate,f
916,5.5,3.8,5.3,1.8,7.6,2.81,High,m
917,6.5,1.3,5.8,4.7,5.7,3.04,High,m
918,5.6,0.3,9.5,1.1,7.5,2.66,Low,f
919,9.1,2.2,5.4,5.7,1.6,3.48,High,f
920,5.8,3.4,5.1,3.1,6.6,2.79,High,f
921,8.8,3.7,9.5,1.6,0.4,3.29,High,f
922,6.4,1.2,6.9,2.4,7.1,3.0,Moderate,m
923,7.7,0.6,8.5,1.0,6.2,3.16,Moderate,f
924,9.0,3.0,8.2,0.6,3.2,2.96,High,f
925,7.7,0.3,6.9,2.5,6.6,3.08,Moderate,f
926,5.9,1.6,9.7,0.8,6.0,2.86,Low,f
927,8.8,0.4,9.9,1.9,3.0,3.19,High,m
928,8.1,0.8,5.7,5.6,3.8,3.45,High,f
929,9.6,3.5,8.1,2.3,0.5,3.4,High,m
930,6.6,2.5,6.8,0.9,7.2,2.88,Moderate,f
931,8.0,3.3,6.9,0.8,5.0,3.08,Moderate,f
932,6.5,2.6,8.0,4.2,2.7,2.83,Moderate,f
933,6.8,3.3,6.0,2.8,5.1,2.92,Moderate,f
934,5.5,3.5,6.7,4.1,4.2,2.92,Low,f
935,5.1,2.8,6.6,0.3,9.2,2.49,Low,f
936,6.9,0.3,5.7,1.8,9.3,3.15,High,m
937,5.4,3.6,5.0,2.9,7.1,2.74,High,f
938,9.6,0.6,9.8,0.8,3.2,3.29,High,f
939,8.7,2.2,9.4,2.0,1.7,3.03,High,f
940,5.8,3.7,6.6,2.2,5.7,2.9,Low,m
941,8.8,1.4,9.8,3.0,1.0,3.51,High,m
942,5.2,1.0,7.3,1.4,9.1,2.83,Low,f
943,8.7,3.7,7.1,1.5,3.0,3.29,High,f
944,7.4,1.4,9.5,3.2,2.5,3.22,Moderate,f
945,8.8,3.2,6.7,2.3,3.0,3.24,High,f
946,9.0,3.8,8.1,2.3,0.8,3.55,High,f
947,9.0,3.4,7.0,0.2,4.4,3.68,High,m
948,7.3,3.0,6.8,3.8,3.1,2.91,Moderate,m
949,5.9,3.0,7.7,1.2,6.2,3.09,Low,m
950,7.4,0.9,9.8,4.2,1.7,2.94,Moderate,f
951,9.8,1.7,7.4,4.6,0.5,3.84,High,f
952,6.3,1.8,5.6,1.2,9.1,2.99,High,f
953,5.0,0.2,9.9,1.5,7.4,2.94,Low,m
954,7.8,0.6,8.6,3.6,3.4,3.26,Moderate,f
955,8.7,3.1,9.9,1.3,1.0,3.55,High,m
956,5.3,3.6,5.6,2.0,7.5,2.53,High,m
957,9.1,2.4,7.0,2.6,2.9,3.28,High,m
958,9.3,0.4,8.9,4.6,0.8,3.58,High,f
959,5.9,1.7,5.8,4.2,6.4,3.32,High,f
960,6.0,0.8,5.2,1.9,10.1,3.01,High,m
961,7.8,3.4,8.3,2.0,2.5,3.18,Moderate,m
962,6.3,0.2,8.6,0.7,8.2,3.1,Moderate,f
963,6.5,2.1,7.8,3.6,4.0,2.9,Moderate,m
964,8.1,3.9,8.6,3.1,0.3,2.99,High,m
965,8.8,2.4,6.0,4.0,2.8,3.59,High,f
966,7.4,2.1,6.7,3.1,4.7,3.44,Moderate,f
967,6.0,3.2,5.9,0.5,8.4,3.28,High,m
968,7.2,1.1,7.8,2.1,5.8,2.93,Moderate,m
969,9.7,3.7,7.5,1.0,2.1,3.04,High,f
970,9.6,0.0,7.8,4.4,2.2,3.38,High,f
971,7.4,0.3,9.9,3.1,3.3,2.84,Moderate,f
972,7.4,1.7,5.4,0.6,8.9,3.23,High,f
973,9.2,1.0,6.0,3.0,4.8,3.18,High,f
974,5.2,0.2,9.2,0.7,8.7,2.82,Low,m
975,5.2,1.8,9.2,1.6,6.2,2.68,Low,f
976,7.2,2.3,7.9,2.0,4.6,3.06,Moderate,f
977,6.6,0.4,6.8,0.6,9.6,3.31,Moderate,f
978,6.4,2.5,7.3,2.9,4.9,3.12,Moderate,f
979,8.8,1.1,6.6,5.5,2.0,3.32,High,f
980,9.6,2.4,7.7,1.1,3.2,3.3,High,f
981,6.7,3.4,7.8,3.1,3.0,2.98,Moderate,f
982,8.0,0.3,8.4,5.6,1.7,3.28,Moderate,m
983,7.9,0.5,7.9,4.6,3.1,3.38,Moderate,m
984,8.2,3.6,8.1,0.5,3.6,3.18,High,f
985,6.5,0.8,9.5,4.6,2.6,2.74,Moderate,m
986,5.9,3.0,7.4,1.4,6.3,3.1,Low,m
987,8.1,0.2,6.6,2.8,6.3,3.14,High,f
988,6.0,3.1,7.1,3.4,4.4,2.84,Moderate,m
989,5.1,0.1,7.2,4.9,6.7,2.94,Low,f
990,6.9,3.3,5.7,5.6,2.5,3.05,High,f
991,8.8,3.8,8.4,1.1,1.9,3.3,High,f
992,6.7,2.8,8.8,5.3,0.4,3.05,Moderate,f
993,6.0,3.2,8.7,0.4,5.7,2.6,Moderate,m
994,6.5,3.9,8.2,3.9,1.5,2.82,Moderate,f
995,9.9,1.5,9.0,1.6,2.0,3.44,High,m
996,9.7,0.9,6.6,4.5,2.3,3.5,High,m
997,7.0,2.4,7.2,4.5,2.9,3.0,Moderate,m
998,5.8,1.4,7.0,0.3,9.5,2.49,Low,m
999,7.9,3.5,5.8,3.6,3.2,3.01,High,f
1000,8.5,1.6,7.5,0.0,6.4,3.63,High,f
1001,8.5,2.6,5.2,2.2,5.5,3.26,High,m
1002,7.5,3.6,8.6,2.5,1.8,3.19,Moderate,f
1003,9.0,3.5,7.3,2.0,2.2,3.43,High,f
1004,8.5,0.3,9.3,2.8,3.1,3.26,High,m
1005,5.3,2.2,7.1,5.3,4.1,2.9,Low,m
1006,7.8,0.2,9.9,3.1,3.0,3.07,Moderate,m
1007,6.5,1.9,9.3,1.8,4.5,2.92,Moderate,m
1008,6.5,3.1,7.4,1.4,5.6,2.93,Moderate,f
1009,5.8,1.3,9.7,2.1,5.1,2.87,Low,m
1010,5.9,3.6,7.3,4.3,2.9,2.95,Low,f
1011,9.9,0.2,5.5,4.3,4.1,3.32,High,m
1012,5.2,0.1,8.9,0.8,9.0,2.66,Low,m
1013,7.3,2.4,7.1,0.2,7.0,3.17,Moderate,f
1014,7.2,2.1,7.4,2.3,5.0,3.13,Moderate,f
1015,9.4,3.6,6.7,2.6,1.7,2.81,High,m
1016,6.4,3.8,5.7,3.5,4.6,3.07,High,m
1017,6.4,1.1,7.0,6.0,3.5,2.98,Moderate,f
1018,5.4,0.6,7.2,3.1,7.7,2.68,Low,m
1019,6.3,1.3,5.4,1.8,9.2,3.1,High,f
1020,9.5,0.0,9.1,5.1,0.3,3.05,High,m
1021,5.5,0.6,9.8,3.2,4.9,3.2,Low,f
1022,8.7,4.0,6.4,2.6,2.3,3.21,High,m
1023,7.7,1.6,5.8,5.9,3.0,3.15,High,m
1024,8.0,0.9,7.7,4.2,3.2,3.44,Moderate,f
1025,7.6,4.0,8.1,1.6,2.7,3.02,Moderate,f
1026,6.9,1.4,7.2,4.7,3.8,3.14,Moderate,f
1027,7.4,3.2,7.9,1.9,3.6,2.99,Moderate,m
1028,6.1,2.0,6.3,0.1,9.5,3.05,Moderate,m
1029,8.2,2.0,7.2,5.8,0.8,3.45,High,f
1030,5.7,2.3,9.3,3.5,3.2,2.9,Low,f
1031,8.6,1.5,5.5,2.7,5.7,3.49,High,m
1032,6.2,3.9,9.8,1.0,3.1,2.87,Moderate,f
1033,6.7,3.6,9.8,1.7,2.2,3.06,Moderate,m
1034,8.4,1.1,8.7,0.3,5.5,2.86,High,m
1035,5.2,1.5,6.8,1.9,8.6,2.38,Low,m
1036,6.0,1.2,9.9,2.5,4.4,2.88,Moderate,f
1037,7.2,2.3,9.9,1.1,3.5,3.31,Moderate,f
1038,8.0,0.4,8.4,0.4,6.8,3.39,Moderate,f
1039,8.0,3.0,6.1,5.0,1.9,2.9,Moderate,f
1040,5.7,3.8,5.4,1.2,7.9,2.81,High,f
1041,6.7,2.5,7.7,0.8,6.3,2.81,Moderate,m
1042,6.1,1.6,8.5,1.3,6.5,2.76,Moderate,f
1043,6.8,1.6,9.9,5.4,0.3,2.89,Moderate,f
1044,5.3,1.3,6.3,3.0,8.1,2.94,Low,f
1045,8.9,3.4,9.2,0.9,1.6,3.11,High,f
1046,5.3,2.8,5.0,2.5,8.4,3.02,High,f
1047,6.6,2.8,8.8,1.8,4.0,2.87,Moderate,f
1048,7.2,2.9,8.5,5.3,0.1,3.26,Moderate,m
1049,6.1,2.6,8.0,5.5,1.8,3.01,Moderate,f
1050,7.8,1.1,7.4,2.0,5.7,3.04,Moderate,f
1051,7.9,3.6,7.8,3.0,1.7,3.05,Moderate,m
1052,6.2,2.0,6.6,1.1,8.1,2.94,Moderate,f
1053,7.5,1.3,6.3,2.8,6.1,3.21,Moderate,f
1054,5.5,3.1,9.0,4.6,1.8,2.97,Low,f
1055,5.6,2.6,9.2,3.5,3.1,2.72,Low,f
1056,7.6,0.1,8.2,0.5,7.6,3.56,Moderate,f
1057,7.2,1.2,7.7,0.8,7.1,3.28,Moderate,f
1058,5.8,0.4,5.7,5.3,6.8,3.0,High,f
1059,7.6,1.9,5.5,3.9,5.1,3.17,High,f
1060,8.1,0.3,5.6,0.3,9.7,3.25,High,f
1061,6.3,0.5,6.3,2.3,8.6,2.97,Moderate,f
1062,9.2,2.8,5.6,4.4,2.0,3.5,High,f
1063,6.4,2.6,6.7,6.0,2.3,2.78,Moderate,f
1064,9.7,0.1,8.5,4.1,1.6,3.26,High,f
1065,9.2,3.9,9.9,0.1,0.9,3.48,High,m
1066,8.2,0.5,8.3,5.9,1.1,3.44,High,m
1067,9.6,1.8,5.2,2.2,5.2,3.55,High,m
1068,7.3,0.2,7.1,2.8,6.6,3.27,Moderate,f
1069,9.6,2.6,6.6,2.7,2.5,3.37,High,f
1070,6.8,2.7,8.3,4.3,1.9,2.58,Moderate,m
1071,6.3,1.3,5.6,3.9,6.9,2.97,High,m
1072,9.3,3.6,7.2,1.8,2.1,3.3,High,f
1073,5.4,2.7,9.1,1.5,5.3,3.04,Low,m
1074,9.4,1.0,7.8,1.1,4.7,3.36,High,f
1075,5.5,3.6,9.1,4.4,1.4,2.44,Low,f
1076,7.7,0.4,8.8,3.5,3.6,3.0,Moderate,m
1077,5.9,0.8,5.9,0.3,11.1,3.11,High,f
1078,5.1,0.2,7.9,4.9,5.9,2.82,Low,m
1079,6.6,1.4,8.0,1.6,6.4,3.23,Moderate,f
1080,8.7,2.7,6.0,2.1,4.5,3.67,High,f
1081,5.6,0.5,8.4,5.2,4.3,2.86,Low,f
1082,5.9,0.4,9.1,3.5,5.1,2.96,Low,m
1083,8.1,3.1,8.5,3.6,0.7,3.12,High,m
1084,8.2,1.3,9.8,0.2,4.5,3.38,High,m
1085,7.9,0.7,8.6,1.1,5.7,3.18,Moderate,f
1086,9.6,0.8,5.7,4.6,3.3,3.12,High,f
1087,7.5,3.6,5.7,3.9,3.3,3.01,High,f
1088,8.4,2.4,8.8,1.4,3.0,3.17,High,f
1089,7.2,1.6,9.9,1.5,3.8,2.89,Moderate,m
1090,7.8,1.0,9.6,1.5,4.1,2.9,Moderate,f
1091,9.5,0.4,8.3,5.3,0.5,3.56,High,f
1092,8.4,1.2,5.9,1.8,6.7,3.25,High,m
1093,5.5,0.6,5.5,2.5,9.9,2.74,High,f
1094,5.7,2.6,6.0,0.6,9.1,2.92,Low,f
1095,5.8,3.7,9.1,1.9,3.5,2.97,Low,f
1096,8.4,2.7,8.1,1.3,3.5,3.68,High,m
1097,5.2,1.8,9.5,3.4,4.1,2.88,Low,f
1098,8.4,3.9,9.9,1.2,0.6,3.08,High,f
1099,6.2,3.2,5.5,4.7,4.4,2.89,High,m
1100,8.2,1.7,7.2,1.9,5.0,3.38,High,f
1101,8.8,3.7,9.7,0.3,1.5,3.39,High,f
1102,6.3,0.3,6.3,5.5,5.6,3.06,Moderate,f
1103,8.2,2.9,6.3,4.3,2.3,3.21,High,f
1104,8.1,0.6,9.1,1.4,4.8,3.15,High,f
1105,8.3,1.6,8.0,0.6,5.5,3.4,High,f
1106,10.0,0.8,6.3,4.0,2.9,3.39,High,f
1107,9.8,3.7,7.5,2.4,0.6,3.35,High,m
1108,6.4,3.3,6.9,0.5,6.9,2.9,Moderate,f
1109,6.7,3.9,8.1,2.2,3.1,2.89,Moderate,f
1110,5.4,0.2,5.6,3.5,9.3,2.98,High,f
1111,9.6,2.0,9.2,1.4,1.8,3.64,High,m
1112,5.9,1.4,8.2,0.4,8.1,3.07,Low,f
1113,6.8,2.1,10.0,2.4,2.7,2.96,Moderate,f
1114,9.0,2.4,9.4,1.3,1.9,3.61,High,f
1115,8.0,2.5,7.1,0.9,5.5,3.13,Moderate,m
1116,6.1,2.9,6.6,3.0,5.4,3.01,Moderate,f
1117,5.8,3.8,9.3,4.4,0.7,3.16,Low,f
1118,5.7,0.0,5.1,3.5,9.7,2.75,High,m
1119,7.3,2.1,5.0,2.5,7.1,3.0,High,f
1120,8.7,0.9,9.1,3.1,2.2,3.65,High,m
1121,6.1,0.9,8.1,5.0,3.9,2.61,Moderate,m
1122,9.3,2.7,7.2,2.3,2.5,3.29,High,f
1123,6.0,2.5,6.8,6.0,2.7,2.5,Moderate,m
1124,7.8,3.7,9.0,1.6,1.9,2.6,Moderate,f
1125,8.6,2.3,7.5,1.1,4.5,2.97,High,f
1126,9.6,1.3,9.8,1.8,1.5,3.39,High,m
1127,8.2,2.2,5.6,2.3,5.7,3.28,High,f
1128,7.2,3.1,6.1,1.0,6.6,2.92,Moderate,f
1129,7.0,3.7,8.6,2.0,2.7,2.88,Moderate,m
1130,9.9,2.7,6.4,2.9,2.1,3.49,High,f
1131,5.5,3.9,5.9,3.9,4.8,2.99,High,m
1132,8.9,2.7,8.1,3.8,0.5,3.14,High,f
1133,5.4,1.3,6.2,5.9,5.2,3.1,Low,f
1134,8.4,0.8,6.2,1.7,6.9,3.12,High,m
1135,7.1,0.9,5.1,5.3,5.6,3.05,High,f
1136,6.7,0.0,8.4,5.0,3.9,3.05,Moderate,f
1137,5.7,0.6,9.0,3.7,5.0,2.88,Low,m
1138,6.5,1.5,8.8,4.9,2.3,2.88,Moderate,f
1139,7.0,3.8,7.0,4.6,1.6,3.24,Moderate,m
1140,9.5,0.3,9.7,3.7,0.8,3.42,High,f
1141,9.0,0.8,9.0,4.4,0.8,3.37,High,f
1142,5.2,0.6,7.7,3.5,7.0,2.77,Low,f
1143,8.2,0.1,9.8,0.3,5.6,3.37,High,m
1144,8.3,3.3,5.1,3.3,4.0,3.27,High,m
1145,7.3,2.0,5.4,4.1,5.2,3.41,High,f
1146,7.4,0.6,8.2,1.0,6.8,3.11,Moderate,f
1147,9.4,2.5,5.8,5.8,0.5,3.25,High,f
1148,8.1,1.0,9.0,4.8,1.1,3.22,High,f
1149,9.9,2.0,7.3,3.6,1.2,3.51,High,f
1150,7.7,0.4,7.1,5.1,3.7,2.94,Moderate,f
1151,9.3,0.4,5.5,1.6,7.2,3.29,High,f
1152,8.1,1.4,8.9,1.3,4.3,3.27,High,m
1153,8.2,0.9,8.6,5.2,1.1,3.03,High,f
1154,7.1,0.6,8.5,4.6,3.2,3.11,Moderate,f
1155,5.5,2.0,9.1,5.6,1.8,2.95,Low,f
1156,7.7,1.6,9.2,2.7,2.8,3.16,Moderate,f
1157,7.4,2.0,9.2,4.5,0.9,2.77,Moderate,f
1158,7.5,2.3,6.2,4.8,3.2,2.93,Moderate,f
1159,7.4,1.3,5.5,1.4,8.4,3.09,High,f
1160,5.8,1.8,6.5,0.2,9.7,2.92,Low,m
1161,6.6,2.2,7.8,2.1,5.3,3.09,Moderate,f
1162,6.9,1.0,6.2,2.7,7.2,3.02,Moderate,f
1163,8.8,0.8,8.5,0.1,5.8,3.61,High,f
1164,6.7,2.3,6.0,4.5,4.5,2.92,Moderate,f
1165,5.3,3.4,6.0,5.2,4.1,3.06,Low,f
1166,6.6,3.6,5.6,1.1,7.1,2.82,High,m
1167,7.5,0.3,6.0,5.7,4.5,3.11,Moderate,m
1168,9.6,2.2,6.3,4.1,1.8,3.49,High,f
1169,8.3,4.0,6.3,3.6,1.8,3.36,High,f
1170,7.5,1.2,5.8,1.7,7.8,3.25,High,f
1171,6.9,3.0,7.7,0.5,5.9,3.17,Moderate,f
1172,8.2,3.2,7.3,1.9,3.4,3.2,High,m
1173,5.5,3.5,8.9,1.0,5.1,2.3,Low,m
1174,8.1,3.8,7.9,2.3,1.9,3.72,High,f
1175,5.3,0.3,5.9,0.2,12.3,2.97,High,m
1176,5.7,3.3,5.8,1.8,7.4,3.04,High,m
1177,6.2,1.5,6.3,2.9,7.1,2.97,Moderate,m
1178,5.3,0.6,5.3,3.8,9.0,2.79,High,m
1179,5.3,3.3,7.6,3.2,4.6,2.55,Low,f
1180,6.0,1.3,8.0,1.3,7.4,2.95,Moderate,m
1181,5.6,3.9,5.1,4.8,4.6,2.7,High,f
1182,5.7,0.6,8.5,3.9,5.3,3.05,Low,f
1183,8.9,3.7,8.5,0.5,2.4,3.46,High,f
1184,6.0,0.3,8.5,2.4,6.8,2.81,Moderate,f
1185,9.6,2.6,5.5,5.7,0.6,3.28,High,m
1186,7.0,0.2,7.5,0.7,8.6,2.81,Moderate,m
1187,7.0,1.4,8.9,4.8,1.9,2.97,Moderate,f
1188,6.9,0.6,9.0,4.2,3.3,2.83,Moderate,m
1189,6.0,1.5,5.5,3.8,7.2,2.8,High,f
1190,7.9,3.6,7.8,0.8,3.9,3.45,Moderate,f
1191,6.9,3.4,8.2,3.6,1.9,3.37,Moderate,f
1192,8.8,2.4,5.8,4.8,2.2,3.38,High,f
1193,8.6,0.3,7.3,1.0,6.8,3.51,High,f
1194,8.1,2.7,9.2,0.9,3.1,2.78,High,m
1195,5.6,3.4,5.8,5.8,3.4,2.84,High,f
1196,9.9,0.4,6.5,3.8,3.4,3.73,High,f
1197,6.8,3.7,5.3,3.3,4.9,3.37,High,m
1198,6.3,1.5,9.2,1.2,5.8,3.15,Moderate,m
1199,9.1,2.3,8.8,2.7,1.1,3.43,High,f
1200,9.3,1.7,9.8,1.4,1.8,3.12,High,f
1201,5.7,1.6,9.8,1.9,5.0,2.72,Low,m
1202,8.6,1.2,8.9,2.3,3.0,3.24,High,m
1203,7.4,3.1,6.9,2.7,3.9,2.82,Moderate,f
1204,7.6,3.2,6.8,3.1,3.3,2.87,Moderate,f
1205,8.4,1.1,6.4,5.6,2.5,3.37,High,f
1206,8.2,0.1,8.1,3.1,4.5,3.56,High,m
1207,7.7,1.4,5.4,1.2,8.3,3.13,High,m
1208,7.3,0.2,5.2,4.3,7.0,3.21,High,f
1209,7.7,2.0,6.2,4.5,3.6,3.07,Moderate,f
1210,7.3,1.1,6.2,3.9,5.5,3.0,Moderate,m
1211,8.3,3.3,7.1,0.4,4.9,3.56,High,m
1212,5.0,2.1,5.2,3.4,8.3,2.9,High,f
1213,9.6,3.9,7.7,1.3,1.5,3.47,High,f
1214,5.3,1.9,6.2,2.8,7.8,2.87,Low,f
1215,7.3,2.3,6.8,1.0,6.6,3.35,Moderate,f
1216,8.3,1.4,9.7,4.2,0.4,3.25,High,f
1217,6.0,0.2,8.7,5.0,4.1,3.04,Moderate,f
1218,5.1,1.0,7.3,3.8,6.8,3.24,Low,f
1219,7.8,3.0,6.4,3.4,3.4,3.14,Moderate,f
1220,8.8,2.8,10.0,0.7,1.7,3.16,High,f
1221,7.5,1.3,7.2,5.1,2.9,3.27,Moderate,m
1222,6.0,3.5,5.3,5.3,3.9,2.97,High,f
1223,6.6,1.3,7.6,5.6,2.9,2.96,Moderate,m
1224,9.3,1.6,6.0,2.5,4.6,3.31,High,f
1225,6.9,3.7,8.8,2.3,2.3,3.03,Moderate,f
1226,5.3,1.0,7.2,0.9,9.6,2.85,Low,f
1227,9.7,3.1,6.3,2.9,2.0,3.5,High,f
1228,9.4,2.1,8.9,2.0,1.6,3.43,High,m
1229,7.8,0.5,5.6,3.2,6.9,3.36,High,f
1230,9.8,1.9,5.3,3.3,3.7,3.93,High,m
1231,9.2,4.0,7.2,1.2,2.4,3.1,High,f
1232,5.2,1.4,6.3,4.1,7.0,3.12,Low,m
1233,9.7,1.1,9.1,0.2,3.9,3.3,High,m
1234,9.7,3.1,8.3,2.4,0.5,3.47,High,f
1235,8.2,3.9,8.6,3.1,0.2,3.02,High,f
1236,7.6,0.5,8.0,2.9,5.0,3.15,Moderate,f
1237,8.1,0.0,6.0,2.9,7.0,3.19,High,f
1238,7.1,2.9,8.0,1.8,4.2,3.17,Moderate,m
1239,7.1,0.9,9.8,0.8,5.4,3.01,Moderate,m
1240,6.1,3.1,6.0,0.5,8.3,2.9,Moderate,f
1241,7.4,0.0,5.4,4.8,6.4,3.14,High,f
1242,9.3,2.7,5.3,4.7,2.0,3.41,High,f
1243,9.2,3.2,7.5,1.0,3.1,3.48,High,f
1244,9.9,0.6,6.1,1.3,6.1,3.63,High,f
1245,9.0,0.7,5.3,6.0,3.0,3.56,High,f
1246,7.8,3.6,9.6,0.0,3.0,3.09,Moderate,f
1247,5.4,1.0,8.3,5.3,4.0,3.27,Low,f
1248,5.9,3.2,9.8,1.4,3.7,2.71,Low,f
1249,7.5,0.3,7.8,3.0,5.4,3.09,Moderate,f
1250,6.7,2.1,7.9,0.1,7.2,2.78,Moderate,m
1251,8.8,2.9,6.8,0.3,5.2,3.17,High,f
1252,5.9,2.3,5.8,2.1,7.9,2.66,High,f
1253,8.5,2.2,6.9,2.5,3.9,3.25,High,m
1254,5.4,3.5,5.4,4.2,5.5,2.81,High,f
1255,9.6,1.1,6.9,3.4,3.0,3.37,High,f
1256,8.3,1.6,7.4,0.3,6.4,3.29,High,m
1257,6.0,3.2,7.3,1.8,5.7,3.11,Moderate,f
1258,8.7,1.1,5.6,1.5,7.1,3.24,High,m
1259,9.6,2.3,7.7,2.6,1.8,3.67,High,m
1260,7.6,0.5,5.6,3.2,7.1,3.04,High,f
1261,9.7,1.2,9.3,2.9,0.9,3.51,High,m
1262,6.0,1.5,7.5,4.4,4.6,2.8,Moderate,f
1263,5.6,1.6,7.4,3.2,6.2,2.75,Low,f
1264,9.0,2.8,7.8,3.1,1.3,3.43,High,f
1265,7.1,0.6,8.3,3.1,4.9,2.79,Moderate,f
1266,9.5,2.3,5.4,2.7,4.1,3.67,High,f
1267,8.8,3.2,7.5,4.0,0.5,3.2,High,f
1268,9.5,3.6,8.4,2.1,0.4,3.11,High,f
1269,5.4,3.5,6.6,1.1,7.4,2.72,Low,m
1270,6.3,1.3,5.7,1.8,8.9,2.65,High,f
1271,7.9,1.8,6.7,4.5,3.1,3.24,Moderate,m
1272,6.7,3.0,5.8,0.8,7.7,3.09,High,f
1273,6.7,3.2,6.2,0.4,7.5,2.74,Moderate,m
1274,7.8,2.1,8.3,1.4,4.4,3.31,Moderate,f
1275,9.3,1.2,8.5,0.1,4.9,3.1,High,f
1276,7.7,0.3,9.0,1.3,5.7,2.9,Moderate,f
1277,8.4,3.2,7.8,3.4,1.2,3.02,High,f
1278,9.0,1.2,7.9,4.4,1.5,3.62,High,f
1279,6.9,1.2,7.3,4.9,3.7,3.05,Moderate,f
1280,8.3,3.6,5.5,1.4,5.2,3.4,High,f
1281,8.5,3.3,9.3,1.2,1.7,3.25,High,f
1282,6.2,1.2,8.9,0.5,7.2,2.76,Moderate,f
1283,9.1,1.7,8.0,0.5,4.7,3.23,High,f
1284,9.8,3.2,7.3,0.8,2.9,3.42,High,m
1285,9.7,1.4,5.8,3.4,3.7,3.67,High,f
1286,7.4,4.0,8.4,0.3,3.9,3.15,Moderate,f
1287,10.0,1.6,6.4,3.3,2.7,3.39,High,m
1288,5.0,1.8,9.2,3.4,4.6,2.7,Low,f
1289,10.0,1.1,6.4,1.0,5.5,3.4,High,f
1290,9.0,3.6,9.9,0.3,1.2,3.19,High,f
1291,9.4,1.3,5.6,5.2,2.5,3.2,High,m
1292,7.1,1.1,8.7,2.7,4.4,3.15,Moderate,f
1293,9.9,0.2,6.8,2.9,4.2,3.09,High,f
1294,8.6,3.5,9.7,1.8,0.4,3.3,High,f
1295,9.3,2.2,9.1,1.0,2.4,3.07,High,f
1296,7.3,1.1,9.8,1.8,4.0,2.91,Moderate,f
1297,5.5,2.1,5.3,0.7,10.4,2.79,High,m
1298,7.2,3.2,8.7,2.1,2.8,2.78,Moderate,m
1299,6.7,1.3,8.9,0.3,6.8,2.79,Moderate,f
1300,6.2,3.7,9.3,3.4,1.4,2.92,Moderate,m
1301,7.4,2.1,9.9,4.4,0.2,3.23,Moderate,f
1302,6.0,0.9,8.4,2.4,6.3,2.79,Moderate,m
1303,9.7,0.4,7.6,5.5,0.8,3.73,High,f
1304,5.8,3.9,9.6,0.8,3.9,2.57,Low,f
1305,5.6,0.3,9.5,1.2,7.4,2.57,Low,f
1306,8.0,0.3,6.1,5.6,4.0,2.76,Moderate,f
1307,9.5,3.1,5.1,2.0,4.3,3.14,High,f
1308,9.5,2.5,5.4,5.5,1.1,3.59,High,m
1309,9.8,0.3,7.7,1.8,4.4,3.23,High,f
1310,7.9,3.8,7.5,0.4,4.4,3.11,Moderate,f
1311,8.1,1.4,9.3,2.3,2.9,3.11,High,m
1312,8.8,1.1,8.8,1.1,4.2,3.22,High,f
1313,6.6,1.9,9.7,5.4,0.4,2.88,Moderate,f
1314,5.7,2.0,7.3,5.4,3.6,2.62,Low,m
1315,9.7,1.5,7.5,4.8,0.5,3.3,High,m
1316,6.1,0.8,5.2,3.9,8.0,2.56,High,f
1317,6.3,0.2,6.2,4.8,6.5,2.93,Moderate,f
1318,7.1,3.9,6.0,1.3,5.7,3.3,Moderate,f
1319,6.5,0.7,6.9,5.5,4.4,2.71,Moderate,f
1320,9.7,0.2,6.1,3.4,4.6,3.81,High,f
1321,8.1,0.2,7.0,3.9,4.8,3.41,High,m
1322,6.6,0.4,7.1,0.8,9.1,3.27,Moderate,f
1323,9.7,1.9,6.6,4.4,1.4,3.06,High,f
1324,9.1,3.5,8.4,0.1,2.9,3.36,High,m
1325,7.8,3.1,5.7,1.4,6.0,3.14,High,f
1326,7.2,0.0,9.1,2.2,5.5,3.41,Moderate,f
1327,7.7,2.7,8.5,4.9,0.2,2.68,Moderate,m
1328,9.8,2.6,6.5,0.6,4.5,3.62,High,f
1329,9.2,1.4,8.3,2.4,2.7,3.47,High,m
1330,5.3,1.7,7.7,2.6,6.7,2.54,Low,m
1331,8.7,3.3,8.9,0.1,3.0,3.34,High,f
1332,9.7,3.3,9.2,0.5,1.3,3.18,High,m
1333,7.1,1.9,5.8,0.2,9.0,3.02,High,f
1334,9.6,2.3,8.3,3.5,0.3,3.41,High,f
1335,6.7,2.5,5.2,1.1,8.5,3.11,High,m
1336,6.8,1.5,7.7,0.0,8.0,3.15,Moderate,m
1337,6.2,0.8,6.3,4.8,5.9,2.76,Moderate,f
1338,7.5,3.5,6.2,0.5,6.3,3.0,Moderate,f
1339,6.8,3.0,7.8,4.9,1.5,2.99,Moderate,m
1340,5.2,3.9,6.9,0.9,7.1,3.28,Low,f
1341,8.3,1.1,7.9,3.5,3.2,3.49,High,f
1342,6.3,1.8,7.7,4.0,4.2,2.91,Moderate,m
1343,8.9,1.6,8.2,0.8,4.5,3.3,High,m
1344,8.6,0.1,6.0,2.9,6.4,3.42,High,m
1345,9.4,2.1,9.6,1.4,1.5,3.2,High,f
1346,9.0,1.0,9.5,4.1,0.4,3.34,High,f
1347,9.7,2.1,8.4,3.0,0.8,3.51,High,f
1348,5.2,2.0,5.8,1.1,9.9,2.58,High,f
1349,6.8,1.7,8.1,0.4,7.0,2.75,Moderate,f
1350,7.9,2.5,7.8,4.3,1.5,3.19,Moderate,f
1351,6.7,3.1,7.2,2.9,4.1,3.24,Moderate,m
1352,6.5,0.3,5.5,5.5,6.2,3.28,High,f
1353,8.4,0.5,6.8,3.6,4.7,3.34,High,f
1354,5.0,0.8,9.8,3.7,4.7,2.69,Low,f
1355,6.3,0.3,5.1,1.5,10.8,2.9,High,m
1356,8.6,3.7,7.0,0.9,3.8,3.48,High,f
1357,7.6,3.6,9.0,0.3,3.5,3.27,Moderate,f
1358,9.5,0.5,7.7,5.3,1.0,3.78,High,m
1359,7.1,1.9,5.4,1.7,7.9,3.14,High,m
1360,6.4,1.8,8.4,1.0,6.4,2.93,Moderate,f
1361,7.4,3.0,9.3,2.7,1.6,2.95,Moderate,m
1362,9.7,0.5,8.9,1.3,3.6,3.53,High,f
1363,9.7,2.9,8.8,0.6,2.0,3.87,High,f
1364,8.8,0.4,9.8,4.5,0.5,3.12,High,f
1365,6.4,3.3,7.6,2.8,3.9,3.11,Moderate,f
1366,8.6,1.6,8.1,4.0,1.7,2.94,High,f
1367,8.6,0.2,9.3,2.7,3.2,3.11,High,m
1368,7.4,3.5,6.9,4.5,1.7,2.95,Moderate,f
1369,5.5,1.9,10.0,4.6,2.0,2.83,Low,m
1370,6.2,1.6,8.9,4.6,2.7,2.63,Moderate,m
1371,6.1,3.7,8.0,2.3,3.9,3.41,Moderate,f
1372,7.8,1.9,7.5,1.1,5.7,3.18,Moderate,m
1373,9.1,2.2,5.7,4.6,2.4,3.17,High,f
1374,7.6,0.5,9.7,1.1,5.1,3.07,Moderate,f
1375,6.3,1.6,6.9,4.8,4.4,2.69,Moderate,f
1376,6.3,2.0,5.7,3.7,6.3,2.91,High,f
1377,7.8,2.9,9.7,3.3,0.3,3.09,Moderate,f
1378,9.5,3.9,9.3,0.1,1.2,3.28,High,f
1379,9.7,1.7,5.0,2.7,4.9,3.47,High,f
1380,6.7,1.9,8.1,5.2,2.1,2.88,Moderate,f
1381,8.3,1.7,9.1,4.4,0.5,3.26,High,m
1382,6.4,0.2,8.3,5.2,3.9,2.75,Moderate,m
1383,5.8,3.2,9.3,5.2,0.5,2.96,Low,m
1384,6.6,2.2,5.3,0.3,9.6,2.94,High,m
1385,8.6,1.8,6.3,1.1,6.2,3.2,High,m
1386,7.4,1.4,6.6,5.8,2.8,2.87,Moderate,f
1387,8.2,0.1,7.2,5.3,3.2,3.12,High,m
1388,8.8,2.4,7.9,0.3,4.6,3.26,High,m
1389,5.7,2.5,6.0,3.0,6.8,2.5,Low,m
1390,9.7,3.4,8.6,0.2,2.1,3.53,High,f
1391,5.5,2.0,5.8,5.9,4.8,2.82,High,m
1392,6.8,2.6,5.6,2.6,6.4,2.77,High,m
1393,6.4,3.6,5.2,5.5,3.3,2.86,High,f
1394,8.9,0.1,9.8,2.7,2.5,3.51,High,f
1395,6.5,1.5,5.3,5.9,4.8,3.0,High,f
1396,7.2,3.8,6.2,3.2,3.6,3.02,Moderate,m
1397,7.4,2.8,5.3,1.2,7.3,3.25,High,f
1398,5.9,2.3,6.1,5.2,4.5,2.72,Low,m
1399,9.7,2.1,6.8,1.3,4.1,3.55,High,f
1400,9.7,1.6,8.5,2.1,2.1,3.87,High,f
1401,7.6,1.1,7.3,2.8,5.2,3.2,Moderate,m
1402,6.6,0.2,7.5,3.3,6.4,3.02,Moderate,f
1403,5.8,3.0,9.9,5.0,0.3,2.93,Low,m
1404,8.5,1.8,7.7,5.1,0.9,3.23,High,f
1405,7.4,1.5,7.5,3.5,4.1,3.33,Moderate,m
1406,5.5,2.4,5.6,0.5,10.0,3.11,High,f
1407,7.6,1.6,7.9,0.5,6.4,2.89,Moderate,f
1408,9.9,2.2,8.4,1.1,2.4,3.43,High,m
1409,5.5,3.9,6.4,2.5,5.7,2.8,Low,f
1410,9.1,2.1,6.4,0.4,6.0,3.37,High,m
1411,5.8,3.6,8.4,1.5,4.7,2.91,Low,m
1412,7.9,1.6,6.8,1.3,6.4,3.1,Moderate,f
1413,8.3,3.9,5.9,3.5,2.4,2.95,High,f
1414,6.3,3.3,7.4,3.3,3.7,2.52,Moderate,f
1415,6.5,0.7,5.4,4.3,7.1,3.1,High,m
1416,7.0,1.7,7.3,2.2,5.8,2.85,Moderate,f
1417,5.5,1.2,8.3,4.0,5.0,2.76,Low,m
1418,6.0,0.8,5.1,5.4,6.7,2.54,High,f
1419,6.1,0.9,6.4,0.8,9.8,2.79,Moderate,f
1420,5.7,2.6,6.7,4.2,4.8,2.9,Low,f
1421,7.8,1.0,8.3,0.7,6.2,2.69,Moderate,f
1422,6.3,2.4,9.4,5.9,0.0,3.22,Moderate,f
1423,8.0,1.6,6.1,1.5,6.8,2.75,Moderate,f
1424,9.6,1.5,6.9,2.3,3.7,3.37,High,m
1425,9.2,2.6,8.1,1.4,2.7,3.39,High,f
1426,7.0,2.0,8.3,0.1,6.6,3.27,Moderate,f
1427,9.4,1.8,6.7,0.8,5.3,3.37,High,m
1428,7.0,2.7,7.1,5.8,1.4,2.47,Moderate,f
1429,8.0,3.2,5.5,2.4,4.9,3.36,High,m
1430,9.3,0.3,5.4,5.1,3.9,3.02,High,f
1431,6.1,2.7,7.7,5.0,2.5,3.04,Moderate,f
1432,7.1,1.3,8.0,5.6,2.0,3.08,Moderate,f
1433,9.2,4.0,5.1,0.6,5.1,3.62,High,m
1434,6.4,1.0,8.9,0.3,7.4,3.04,Moderate,f
1435,6.8,2.0,7.8,4.4,3.0,3.27,Moderate,m
1436,7.9,2.2,8.2,1.5,4.2,2.87,Moderate,f
1437,5.4,0.5,6.1,3.0,9.0,2.91,Low,m
1438,8.9,1.4,7.0,2.4,4.3,3.5,High,f
1439,6.0,0.2,8.0,5.9,3.9,2.76,Moderate,m
1440,9.1,2.8,9.7,1.0,1.4,3.53,High,f
1441,8.3,1.9,8.2,2.5,3.1,3.25,High,m
1442,7.6,3.2,8.7,3.0,1.5,2.86,Moderate,m
1443,5.6,2.9,7.5,5.4,2.6,2.98,Low,f
1444,5.7,3.0,5.0,1.0,9.3,2.42,High,m
1445,7.9,2.9,9.6,2.5,1.1,2.99,Moderate,f
1446,5.0,0.5,7.7,4.1,6.7,3.07,Low,m
1447,7.1,2.9,7.6,0.4,6.0,3.15,Moderate,f
1448,8.6,3.6,5.6,5.9,0.3,3.21,High,f
1449,6.0,0.0,10.0,1.7,6.3,2.7,Moderate,f
1450,7.9,3.6,6.6,4.0,1.9,3.29,Moderate,f
1451,5.9,2.5,6.7,1.3,7.6,2.7,Low,m
1452,9.5,1.6,6.2,2.7,4.0,3.32,High,m
1453,6.6,3.0,9.9,2.0,2.5,3.03,Moderate,f
1454,5.8,2.8,7.6,3.9,3.9,3.09,Low,m
1455,9.4,1.8,9.5,2.5,0.8,3.91,High,m
1456,6.6,3.9,8.3,0.2,5.0,2.93,Moderate,f
1457,6.6,2.5,5.3,0.1,9.5,2.6,High,f
1458,7.2,1.1,5.8,4.1,5.8,2.96,High,f
1459,7.6,0.8,6.6,3.6,5.4,3.3,Moderate,m
1460,8.6,2.7,7.4,3.4,1.9,3.45,High,m
1461,5.2,2.5,8.9,3.0,4.4,2.51,Low,f
1462,8.2,2.8,9.4,1.2,2.4,3.06,High,m
1463,8.8,2.2,9.4,1.9,1.7,3.85,High,m
1464,8.7,3.9,5.4,0.3,5.7,3.42,High,m
1465,9.7,2.1,8.1,2.0,2.1,3.49,High,f
1466,8.7,1.2,6.5,5.0,2.6,3.25,High,m
1467,5.4,3.5,6.3,3.6,5.2,2.85,Low,m
1468,7.1,2.8,6.7,1.7,5.7,3.16,Moderate,m
1469,10.0,3.0,8.2,1.0,1.8,3.81,High,f
1470,7.7,3.4,5.2,2.2,5.5,3.22,High,f
1471,6.2,1.8,5.4,5.7,4.9,2.98,High,f
1472,7.8,3.7,5.0,4.5,3.0,3.16,High,f
1473,9.5,0.6,5.5,2.5,5.9,3.44,High,m
1474,7.6,0.6,5.0,4.9,5.9,3.29,High,f
1475,5.4,2.5,9.6,1.3,5.2,2.69,Low,f
1476,8.0,0.7,8.7,1.8,4.8,3.25,Moderate,f
1477,7.3,2.4,5.9,4.4,4.0,3.3,High,m
1478,5.8,2.8,5.6,2.6,7.2,2.62,High,f
1479,6.2,3.0,6.3,5.3,3.2,2.91,Moderate,f
1480,8.1,0.4,7.0,4.3,4.2,3.24,High,m
1481,8.3,2.5,6.4,2.3,4.5,3.31,High,m
1482,7.5,2.8,6.2,1.9,5.6,3.02,Moderate,m
1483,6.7,0.1,6.7,4.8,5.7,3.01,Moderate,f
1484,7.3,0.1,9.4,0.1,7.1,3.29,Moderate,m
1485,9.7,2.0,6.7,5.2,0.4,3.47,High,m
1486,7.7,0.9,7.1,3.9,4.4,3.08,Moderate,f
1487,8.6,0.0,9.7,0.9,4.8,3.14,High,f
1488,5.2,0.5,9.9,1.9,6.5,2.61,Low,f
1489,5.6,0.4,8.6,5.1,4.3,2.81,Low,m
1490,6.1,2.1,6.3,5.6,3.9,2.73,Moderate,m
1491,9.5,2.3,6.8,2.1,3.3,3.74,High,f
1492,7.3,3.4,9.7,1.2,2.4,2.97,Moderate,m
1493,7.8,0.4,6.0,2.5,7.3,3.24,Moderate,f
1494,5.8,1.8,8.0,4.2,4.2,2.82,Low,f
1495,6.9,3.5,7.8,2.5,3.3,3.02,Moderate,m
1496,9.1,2.5,9.2,1.6,1.6,3.22,High,m
1497,5.6,0.1,6.5,4.2,7.6,2.71,Low,f
1498,7.5,1.7,7.1,1.4,6.3,3.32,Moderate,f
1499,5.7,0.8,5.3,1.2,11.0,2.74,High,f
1500,6.8,0.0,9.2,0.2,7.8,2.8,Moderate,m
1501,9.7,3.6,7.7,1.6,1.4,3.22,High,f
1502,8.2,0.2,5.3,2.7,7.6,3.55,High,m
1503,7.7,3.6,5.5,4.9,2.3,3.06,High,f
1504,6.6,1.6,5.8,3.0,7.0,2.73,High,f
1505,9.0,1.8,7.5,4.8,0.9,3.33,High,m
1506,6.3,3.5,7.9,1.3,5.0,3.32,Moderate,m
1507,6.3,3.2,5.2,6.0,3.3,3.0,High,m
1508,7.0,2.0,9.4,2.3,3.3,2.98,Moderate,m
1509,7.7,0.2,5.0,1.5,9.6,3.0,High,f
1510,5.6,1.6,8.2,4.3,4.3,2.91,Low,m
1511,5.9,0.3,9.7,1.6,6.5,2.76,Low,f
1512,9.1,3.1,8.0,1.3,2.5,3.46,High,f
1513,6.3,0.5,7.5,3.5,6.2,2.87,Moderate,f
1514,6.8,2.6,9.5,0.8,4.3,2.58,Moderate,m
1515,6.9,0.6,8.1,4.4,4.0,3.0,Moderate,f
1516,9.8,0.3,8.0,0.3,5.6,3.53,High,m
1517,9.5,2.1,8.3,3.4,0.7,3.35,High,f
1518,5.6,1.9,8.0,0.2,8.3,2.99,Low,m
1519,6.4,0.1,7.1,5.4,5.0,2.72,Moderate,f
1520,9.6,3.0,8.7,1.9,0.8,3.45,High,f
1521,6.0,0.8,8.4,1.3,7.5,3.19,Moderate,m
1522,8.9,1.8,9.0,3.6,0.7,3.27,High,f
1523,8.3,0.9,6.4,1.9,6.5,3.18,High,f
1524,6.0,1.8,9.5,0.6,6.1,2.78,Moderate,m
1525,8.6,2.7,5.5,5.5,1.7,2.9,High,m
1526,8.8,1.0,8.5,0.2,5.5,3.52,High,m
1527,9.2,1.8,8.2,1.1,3.7,3.6,High,m
1528,7.4,2.5,7.3,5.4,1.4,3.25,Moderate,m
1529,7.5,3.4,9.0,1.7,2.4,3.03,Moderate,f
1530,9.1,0.9,7.6,4.8,1.6,3.08,High,m
1531,6.8,2.6,6.2,0.7,7.7,3.0,Moderate,f
1532,6.4,3.4,6.7,5.8,1.7,2.98,Moderate,m
1533,9.9,1.1,5.2,4.2,3.6,3.3,High,m
1534,8.5,0.1,9.4,0.8,5.2,3.25,High,f
1535,5.6,0.7,9.8,4.2,3.7,2.75,Low,f
1536,6.7,0.9,7.4,3.3,5.7,3.26,Moderate,m
1537,8.2,1.0,9.7,0.9,4.2,2.81,High,m
1538,7.2,2.3,7.2,2.5,4.8,3.03,Moderate,f
1539,8.7,2.7,9.2,0.8,2.6,3.58,High,f
1540,6.8,1.9,6.6,0.9,7.8,3.38,Moderate,f
1541,6.1,0.4,8.4,4.0,5.1,2.88,Moderate,m
1542,7.9,3.9,7.7,4.1,0.4,3.4,Moderate,f
1543,5.4,0.8,7.2,3.5,7.1,2.71,Low,f
1544,9.0,2.4,6.0,3.0,3.6,3.32,High,f
1545,8.7,3.1,7.5,1.4,3.3,2.99,High,m
1546,8.7,1.0,5.9,3.2,5.2,3.17,High,m
1547,6.4,2.5,5.6,3.9,5.6,2.89,High,m
1548,8.9,2.4,9.9,1.0,1.8,3.44,High,f
1549,8.4,0.3,7.0,5.8,2.5,2.9,High,m
1550,5.6,2.8,8.2,2.2,5.2,2.91,Low,m
1551,9.8,0.1,6.5,5.5,2.1,3.24,High,m
1552,7.7,3.3,5.5,5.7,1.8,2.99,High,f
1553,9.0,0.7,8.6,2.2,3.5,3.62,High,f
1554,9.8,0.5,7.1,2.9,3.7,3.38,High,f
1555,6.9,1.5,5.3,4.1,6.2,2.77,High,f
1556,9.1,3.2,7.4,1.3,3.0,3.31,High,m
1557,8.2,1.2,6.2,4.4,4.0,3.08,High,f
1558,6.2,3.7,7.6,2.2,4.3,2.84,Moderate,f
1559,9.4,1.6,6.7,1.2,5.1,3.11,High,m
1560,8.4,1.2,7.9,0.4,6.1,3.06,High,f
1561,6.0,1.6,9.7,2.3,4.4,2.66,Moderate,f
1562,5.6,0.2,6.5,0.9,10.8,3.0,Low,m
1563,5.9,3.0,5.1,3.3,6.7,2.91,High,f
1564,7.8,1.3,6.5,4.4,4.0,2.69,Moderate,m
1565,9.4,0.8,5.5,5.4,2.9,3.55,High,f
1566,6.8,0.5,7.9,3.2,5.6,2.61,Moderate,m
1567,6.0,1.8,9.0,3.5,3.7,2.92,Moderate,f
1568,8.5,3.2,8.1,0.6,3.6,3.09,High,f
1569,8.6,2.7,5.1,2.5,5.1,3.54,High,m
1570,6.1,2.4,9.6,4.7,1.2,2.67,Moderate,m
1571,9.6,3.9,5.1,3.4,2.0,3.65,High,f
1572,6.3,3.9,8.1,4.5,1.2,2.89,Moderate,m
1573,5.4,0.7,8.8,0.1,9.0,2.57,Low,f
1574,8.1,2.8,6.7,0.6,5.8,3.5,High,m
1575,5.3,2.4,7.6,4.5,4.2,2.25,Low,f
1576,7.0,0.1,6.7,5.9,4.3,3.12,Moderate,m
1577,9.4,1.3,7.9,4.6,0.8,3.34,High,f
1578,5.4,2.0,9.8,4.2,2.6,2.8,Low,f
1579,5.4,0.8,8.9,5.0,3.9,3.12,Low,m
1580,5.1,3.3,8.9,1.6,5.1,3.02,Low,m
1581,8.5,0.9,5.2,1.2,8.2,3.17,High,f
1582,7.1,2.0,7.4,1.6,5.9,2.86,Moderate,f
1583,5.1,2.4,7.0,1.8,7.7,2.84,Low,m
1584,9.3,2.0,5.7,4.2,2.8,3.51,High,f
1585,6.0,1.8,5.3,5.0,5.9,2.88,High,m
1586,8.7,2.5,9.0,1.6,2.2,3.53,High,f
1587,8.9,1.8,9.7,1.8,1.8,3.63,High,m
1588,9.1,2.2,5.9,2.8,4.0,3.33,High,f
1589,9.8,3.0,9.1,0.1,2.0,3.9,High,m
1590,9.2,0.2,9.3,2.9,2.4,3.29,High,f
1591,6.0,1.3,6.4,3.2,7.1,2.84,Moderate,f
1592,6.2,1.8,7.6,4.6,3.8,2.98,Moderate,f
1593,7.2,3.2,8.1,0.6,4.9,3.04,Moderate,m
1594,7.0,3.0,7.9,2.3,3.8,2.81,Moderate,f
1595,5.9,0.9,7.9,2.5,6.8,2.63,Low,f
1596,8.3,3.4,6.3,2.9,3.1,3.26,High,f
1597,9.9,1.3,8.0,0.4,4.4,3.33,High,f
1598,9.8,2.9,8.9,1.7,0.7,3.51,High,f
1599,7.9,1.8,9.3,4.8,0.2,3.34,Moderate,f
1600,7.9,2.2,7.3,1.3,5.3,3.18,Moderate,f
1601,5.0,1.0,7.5,2.3,8.2,2.82,Low,m
1602,6.8,1.8,5.7,0.3,9.4,3.01,High,f
1603,8.9,2.3,8.8,0.6,3.4,3.02,High,f
1604,6.1,0.0,5.7,1.9,10.3,3.01,High,m
1605,5.6,3.9,6.5,0.8,7.2,2.92,Low,f
1606,5.3,3.4,9.8,1.4,4.1,2.53,Low,f
1607,7.3,0.1,8.2,2.5,5.9,2.92,Moderate,f
1608,8.3,1.7,5.9,4.1,4.0,3.11,High,m
1609,7.8,3.4,5.6,4.7,2.5,3.02,High,f
1610,8.5,1.8,9.7,0.6,3.4,3.34,High,m
1611,8.2,1.5,9.8,1.5,3.0,3.4,High,f
1612,10.0,1.0,7.2,3.0,2.8,3.37,High,m
1613,6.5,0.1,6.1,1.7,9.6,2.72,Moderate,m
1614,9.4,2.8,5.4,3.9,2.5,3.37,High,m
1615,8.3,3.8,5.0,1.5,5.4,3.43,High,m
1616,5.5,2.1,6.2,1.1,9.1,2.98,Low,f
1617,9.1,0.5,7.3,5.6,1.5,3.37,High,m
1618,5.9,1.3,7.1,1.9,7.8,2.91,Low,m
1619,6.4,3.9,5.8,4.4,3.5,2.91,High,f
1620,5.9,2.6,8.6,4.1,2.8,2.98,Low,m
1621,6.6,1.0,9.8,5.5,1.1,3.23,Moderate,f
1622,7.3,1.7,5.8,2.6,6.6,3.07,High,m
1623,7.7,0.1,7.2,4.7,4.3,3.37,Moderate,m
1624,9.5,0.1,7.8,4.7,1.9,3.71,High,m
1625,7.7,1.3,5.7,5.3,4.0,3.36,High,m
1626,7.9,2.7,9.0,2.9,1.5,3.17,Moderate,m
1627,7.0,2.1,9.0,2.2,3.7,2.89,Moderate,f
1628,9.6,0.4,8.2,2.4,3.4,3.4,High,m
1629,7.0,2.7,5.3,3.6,5.4,3.17,High,m
1630,5.9,3.6,8.3,5.3,0.9,2.99,Low,f
1631,7.4,2.2,9.6,4.3,0.5,2.77,Moderate,m
1632,7.0,1.6,6.4,1.6,7.4,2.97,Moderate,m
1633,9.3,0.3,8.4,1.0,5.0,3.29,High,f
1634,6.3,3.1,9.4,1.2,4.0,2.91,Moderate,f
1635,7.3,1.9,9.4,4.1,1.3,3.51,Moderate,f
1636,9.2,0.0,7.0,5.4,2.4,3.41,High,f
1637,8.7,2.2,7.6,1.9,3.6,3.73,High,f
1638,7.1,2.9,9.3,0.7,4.0,3.12,Moderate,m
1639,7.3,1.6,8.4,1.5,5.2,3.27,Moderate,f
1640,7.1,3.6,10.0,0.4,2.9,3.13,Moderate,f
1641,6.2,3.8,9.8,0.4,3.8,3.17,Moderate,f
1642,5.1,2.4,6.4,5.2,4.9,2.77,Low,f
1643,6.4,2.7,8.4,1.3,5.2,2.94,Moderate,m
1644,6.4,3.2,9.0,2.5,2.9,2.87,Moderate,f
1645,8.0,2.4,9.1,1.9,2.6,3.01,Moderate,m
1646,7.7,1.8,7.2,0.5,6.8,2.97,Moderate,f
1647,8.6,0.9,6.0,2.5,6.0,3.38,High,m
1648,6.9,1.8,7.7,1.2,6.4,2.75,Moderate,m
1649,5.8,3.5,7.2,2.5,5.0,2.87,Low,f
1650,7.8,2.2,8.5,1.0,4.5,3.06,Moderate,f
1651,6.3,3.2,9.7,0.7,4.1,2.65,Moderate,m
1652,5.3,1.3,5.7,4.3,7.4,2.79,High,f
1653,7.7,0.6,5.0,4.8,5.9,3.23,High,m
1654,6.7,2.3,6.6,0.5,7.9,2.77,Moderate,m
1655,6.1,0.8,7.1,3.9,6.1,3.4,Moderate,f
1656,9.8,2.4,7.4,2.5,1.9,3.56,High,m
1657,9.6,3.3,6.6,1.1,3.4,3.45,High,f
1658,8.7,2.0,5.3,4.3,3.7,2.96,High,m
1659,9.0,1.2,8.3,2.3,3.2,3.74,High,f
1660,9.4,2.0,6.6,4.5,1.5,3.46,High,f
1661,6.1,1.6,9.3,4.3,2.7,2.65,Moderate,f
1662,6.8,1.1,5.9,4.5,5.7,2.93,High,f
1663,6.3,1.8,6.9,5.9,3.1,2.8,Moderate,m
1664,5.4,2.4,8.0,2.5,5.7,2.77,Low,f
1665,7.2,0.2,7.6,3.0,6.0,2.83,Moderate,f
1666,6.3,0.7,9.8,5.1,2.1,3.03,Moderate,f
1667,6.2,1.3,6.0,3.0,7.5,3.12,Moderate,f
1668,5.8,3.2,9.0,0.8,5.2,2.88,Low,f
1669,7.0,0.7,6.3,1.6,8.4,2.63,Moderate,f
1670,9.7,0.5,9.9,0.9,3.0,3.72,High,m
1671,8.9,1.4,5.7,5.1,2.9,3.55,High,f
1672,7.8,1.9,7.5,4.4,2.4,2.91,Moderate,m
1673,5.4,2.7,9.5,0.3,6.1,2.9,Low,m
1674,7.2,1.6,5.7,3.0,6.5,2.94,High,m
1675,5.6,1.9,8.8,1.5,6.2,2.89,Low,m
1676,8.4,3.4,7.1,3.9,1.2,3.26,High,m
1677,5.2,0.5,6.0,2.4,9.9,2.69,Low,m
1678,8.3,2.8,7.9,1.8,3.2,3.44,High,m
1679,7.9,1.4,5.4,6.0,3.3,3.11,High,m
1680,8.3,1.3,7.0,1.6,5.8,3.39,High,f
1681,6.7,1.6,8.6,3.1,4.0,3.54,Moderate,f
1682,9.6,0.2,7.9,5.1,1.2,3.46,High,m
1683,6.2,3.5,5.1,4.4,4.8,2.97,High,f
1684,7.2,0.2,9.6,2.8,4.2,3.19,Moderate,m
1685,5.1,2.8,7.4,0.7,8.0,3.15,Low,f
1686,7.5,3.3,9.3,2.4,1.5,3.36,Moderate,f
1687,5.1,2.8,7.1,3.4,5.6,2.5,Low,m
1688,9.6,0.5,8.4,0.0,5.5,3.7,High,f
1689,9.6,0.5,5.5,2.0,6.4,3.19,High,f
1690,7.9,1.8,5.2,1.9,7.2,3.07,High,m
1691,9.1,2.8,8.6,2.4,1.1,3.24,High,f
1692,6.4,3.3,9.9,2.2,2.2,2.9,Moderate,f
1693,5.0,0.6,6.6,3.5,8.3,2.89,Low,f
1694,8.9,3.0,8.0,2.6,1.5,3.29,High,f
1695,8.2,2.5,7.8,5.4,0.1,3.4,High,m
1696,9.4,0.9,5.4,2.9,5.4,3.56,High,m
1697,7.6,3.3,7.2,3.4,2.5,3.03,Moderate,f
1698,8.1,3.3,5.8,3.6,3.2,3.22,High,f
1699,8.0,0.7,5.6,5.9,3.8,2.93,High,f
1700,5.9,2.7,8.0,3.9,3.5,2.78,Low,f
1701,5.4,3.6,6.9,1.9,6.2,2.35,Low,f
1702,9.3,3.7,6.5,3.9,0.6,3.24,High,m
1703,8.9,3.7,6.2,3.0,2.2,3.49,High,f
1704,5.0,2.3,6.7,1.9,8.1,2.64,Low,f
1705,8.2,3.4,8.0,3.8,0.6,3.26,High,m
1706,7.3,0.0,7.8,4.0,4.9,2.75,Moderate,m
1707,8.0,2.9,7.9,0.3,4.9,3.25,Moderate,m
1708,6.4,0.3,7.1,3.3,6.9,2.77,Moderate,m
1709,6.6,2.9,8.2,2.0,4.3,3.14,Moderate,f
1710,8.2,2.2,5.1,4.2,4.3,3.48,High,f
1711,6.9,3.8,9.1,2.5,1.7,2.88,Moderate,f
1712,6.7,1.9,6.5,3.1,5.8,2.87,Moderate,m
1713,5.8,3.9,5.5,5.6,3.2,2.88,High,m
1714,8.6,1.7,8.2,1.9,3.6,3.46,High,f
1715,6.5,2.3,7.5,3.5,4.2,2.8,Moderate,f
1716,5.4,0.2,6.3,0.4,11.7,2.53,Low,f
1717,5.5,3.3,5.2,4.0,6.0,2.95,High,f
1718,7.4,1.2,7.6,2.3,5.5,3.03,Moderate,m
1719,7.8,0.5,10.0,2.4,3.3,3.43,Moderate,f
1720,6.8,3.3,7.3,4.3,2.3,2.83,Moderate,f
1721,5.5,3.4,8.7,1.3,5.1,2.74,Low,m
1722,9.9,1.0,7.3,0.2,5.6,3.32,High,m
1723,7.0,2.3,9.8,2.5,2.4,3.09,Moderate,m
1724,5.2,1.3,7.9,5.7,3.9,3.04,Low,m
1725,9.3,0.9,6.1,1.2,6.5,3.29,High,m
1726,7.5,1.9,6.3,3.0,5.3,3.4,Moderate,m
1727,5.2,0.5,9.4,4.5,4.4,2.9,Low,m
1728,6.8,3.0,8.9,4.0,1.3,2.49,Moderate,f
1729,8.6,0.8,6.7,2.8,5.1,3.52,High,m
1730,6.6,0.6,7.0,5.9,3.9,2.83,Moderate,f
1731,6.1,2.4,7.2,0.4,7.9,3.29,Moderate,f
1732,7.6,3.5,6.4,0.5,6.0,3.12,Moderate,f
1733,9.7,1.5,7.9,3.9,1.0,3.69,High,f
1734,5.7,1.2,5.7,4.9,6.5,2.66,High,m
1735,6.1,2.9,9.7,2.8,2.5,2.5,Moderate,f
1736,6.6,1.9,8.0,5.9,1.6,3.41,Moderate,f
1737,9.7,3.4,9.4,0.7,0.8,3.6,High,f
1738,7.0,3.8,7.1,3.6,2.5,3.11,Moderate,m
1739,8.5,3.8,6.2,4.1,1.4,2.93,High,f
1740,8.9,2.2,8.3,1.5,3.1,3.37,High,f
1741,7.4,2.5,7.0,1.2,5.9,3.11,Moderate,m
1742,8.7,1.6,6.8,2.4,4.5,3.42,High,f
1743,7.0,2.2,7.7,3.0,4.1,3.05,Moderate,f
1744,5.8,0.5,9.7,3.6,4.4,2.65,Low,f
1745,8.3,1.6,9.5,2.9,1.7,3.12,High,f
1746,9.8,3.3,9.3,0.3,1.3,3.73,High,m
1747,6.4,1.1,6.4,5.1,5.0,2.79,Moderate,f
1748,6.2,3.2,7.8,0.0,6.8,2.8,Moderate,f
1749,7.1,1.6,5.6,4.1,5.6,3.28,High,f
1750,8.6,0.0,9.8,4.6,1.0,3.48,High,m
1751,9.5,0.1,9.7,3.8,0.9,3.57,High,f
1752,9.7,1.8,8.0,2.1,2.4,3.82,High,m
1753,9.7,0.3,7.5,4.1,2.4,3.53,High,f
1754,9.5,3.8,5.3,2.2,3.2,3.7,High,f
1755,5.1,1.3,7.7,5.5,4.4,2.8,Low,f
1756,7.7,1.1,9.5,5.3,0.4,2.99,Moderate,f
1757,7.0,3.6,6.9,4.4,2.1,2.84,Moderate,f
1758,9.6,1.8,8.7,1.4,2.5,3.43,High,f
1759,5.1,0.4,7.5,4.1,6.9,3.01,Low,m
1760,8.5,2.8,7.5,4.8,0.4,3.06,High,m
1761,7.4,1.8,6.0,1.8,7.0,3.13,Moderate,m
1762,6.2,1.2,8.9,2.0,5.7,2.85,Moderate,f
1763,6.2,0.7,8.9,0.8,7.4,3.02,Moderate,m
1764,8.4,2.5,9.1,0.2,3.8,2.65,High,f
1765,6.5,1.1,5.7,1.7,9.0,3.02,High,f
1766,8.3,1.5,8.6,1.9,3.7,2.86,High,f
1767,6.5,2.2,5.1,0.5,9.7,3.1,High,f
1768,8.6,0.4,9.2,4.2,1.6,3.27,High,f
1769,8.1,3.3,7.0,1.2,4.4,3.8,High,f
1770,7.7,2.3,9.7,3.9,0.4,3.3,Moderate,m
1771,9.4,3.2,9.7,0.2,1.5,3.4,High,m
1772,9.2,2.0,8.7,0.6,3.5,3.03,High,m
1773,6.3,2.9,5.8,2.1,6.9,2.78,High,m
1774,8.5,1.5,7.8,0.6,5.6,3.02,High,m
1775,9.0,1.5,8.2,3.8,1.5,3.41,High,m
1776,8.1,1.7,5.9,5.7,2.6,3.17,High,m
1777,8.8,0.8,6.7,4.9,2.8,3.53,High,f
1778,7.2,2.9,6.9,1.3,5.7,3.23,Moderate,f
1779,8.2,3.9,6.6,2.4,2.9,3.32,High,m
1780,9.2,3.0,5.3,6.0,0.5,3.77,High,f
1781,8.8,3.5,8.3,2.9,0.5,3.26,High,m
1782,9.4,0.8,5.4,4.7,3.7,3.25,High,m
1783,9.2,0.7,9.3,3.3,1.5,3.64,High,f
1784,7.1,0.8,6.4,3.0,6.7,3.08,Moderate,f
1785,7.7,3.2,9.0,2.4,1.7,3.03,Moderate,f
1786,5.3,3.5,5.4,1.5,8.3,2.91,High,f
1787,8.5,1.6,9.4,1.3,3.2,2.9,High,f
1788,7.7,3.5,9.6,0.9,2.3,3.39,Moderate,f
1789,7.3,2.2,9.7,4.8,0.0,3.25,Moderate,f
1790,6.9,0.0,5.0,2.8,9.3,2.85,High,m
1791,7.4,0.1,8.4,1.8,6.3,2.75,Moderate,m
1792,5.8,1.6,6.2,3.2,7.2,2.98,Low,f
1793,6.0,2.0,5.8,4.0,6.2,2.81,High,f
1794,7.3,0.3,8.0,1.6,6.8,3.15,Moderate,f
1795,7.6,2.1,9.6,2.6,2.1,2.78,Moderate,f
1796,9.7,3.1,6.4,4.1,0.7,3.76,High,f
1797,7.2,3.3,9.1,0.8,3.6,2.87,Moderate,f
1798,6.5,1.2,8.6,1.4,6.3,3.18,Moderate,f
1799,5.0,2.9,5.9,0.6,9.6,2.63,High,m
1800,7.4,0.2,9.9,4.3,2.2,2.84,Moderate,m
1801,6.6,1.3,7.2,3.8,5.1,2.93,Moderate,m
1802,9.3,1.0,6.9,5.2,1.6,3.32,High,f
1803,8.3,1.4,8.4,0.1,5.8,3.23,High,m
1804,9.1,3.8,9.6,1.4,0.1,3.71,High,m
1805,7.6,1.4,7.3,4.1,3.6,3.09,Moderate,m
1806,9.6,3.3,9.9,1.1,0.1,3.5,High,f
1807,6.4,0.4,5.6,1.7,9.9,3.21,High,f
1808,9.5,2.5,5.0,1.1,5.9,3.52,High,m
1809,5.5,1.5,7.5,0.3,9.2,2.61,Low,f
1810,8.2,1.9,7.5,2.6,3.8,3.13,High,f
1811,9.8,0.9,7.6,4.2,1.5,3.62,High,m
1812,6.9,1.9,5.4,3.7,6.1,3.05,High,f
1813,6.4,0.6,7.7,3.2,6.1,3.0,Moderate,f
1814,8.1,0.8,7.3,4.3,3.5,3.12,High,f
1815,7.6,1.6,6.6,3.7,4.5,3.18,Moderate,m
1816,5.4,1.8,9.5,0.6,6.7,2.9,Low,f
1817,9.9,3.8,5.4,4.6,0.3,3.69,High,m
1818,7.1,1.8,8.2,4.6,2.3,2.98,Moderate,f
1819,5.2,2.4,5.9,2.1,8.4,2.69,High,m
1820,6.7,0.4,5.7,0.2,11.0,2.58,High,m
1821,7.4,3.8,5.6,5.7,1.5,3.27,High,f
1822,8.2,3.3,5.5,3.0,4.0,3.5,High,f
1823,8.5,2.3,9.2,0.3,3.7,3.34,High,f
1824,6.9,1.4,8.1,5.3,2.3,3.42,Moderate,m
1825,7.5,3.3,7.0,0.6,5.6,2.82,Moderate,f
1826,8.6,3.0,5.3,1.3,5.8,3.06,High,f
1827,6.4,2.2,5.7,0.8,8.9,2.89,High,m
1828,6.8,3.2,7.6,0.8,5.6,2.78,Moderate,f
1829,8.7,1.6,6.3,2.3,5.1,2.87,High,f
1830,6.2,1.6,5.1,4.6,6.5,2.92,High,m
1831,5.9,0.2,8.3,4.6,5.0,2.88,Low,m
1832,6.0,2.9,8.5,1.5,5.1,3.17,Moderate,f
1833,9.5,0.4,9.9,3.6,0.6,3.5,High,m
1834,8.6,0.8,7.2,0.4,7.0,3.32,High,m
1835,6.9,3.0,6.9,2.0,5.2,3.23,Moderate,f
1836,5.2,1.5,5.8,4.2,7.3,2.83,High,m
1837,5.5,2.7,6.4,1.2,8.2,2.75,Low,f
1838,7.4,2.0,6.6,0.8,7.2,3.1,Moderate,m
1839,6.9,2.7,8.9,2.9,2.6,2.77,Moderate,f
1840,6.4,0.6,6.2,1.3,9.5,3.04,Moderate,f
1841,7.6,2.3,9.7,0.9,3.5,3.36,Moderate,m
1842,7.8,1.0,6.3,0.2,8.7,3.27,Moderate,m
1843,6.5,3.0,5.2,1.3,8.0,3.17,High,m
1844,7.3,2.8,6.9,1.0,6.0,3.24,Moderate,f
1845,7.0,2.3,9.7,0.3,4.7,2.64,Moderate,m
1846,7.5,0.1,6.6,4.9,4.9,3.14,Moderate,f
1847,7.8,1.8,6.4,1.8,6.2,3.39,Moderate,f
1848,9.8,1.8,7.0,4.6,0.8,3.39,High,f
1849,7.1,2.2,6.2,4.5,4.0,3.34,Moderate,f
1850,8.9,0.9,8.6,4.5,1.1,3.36,High,f
1851,6.7,0.7,5.0,2.7,8.9,3.15,High,f
1852,5.9,3.4,6.3,1.4,7.0,2.48,Low,f
1853,7.4,2.0,6.1,1.6,6.9,3.22,Moderate,f
1854,8.9,1.8,8.6,3.5,1.2,3.17,High,f
1855,5.7,3.9,9.1,1.1,4.2,2.81,Low,f
1856,5.7,3.0,7.3,4.7,3.3,2.82,Low,f
1857,8.7,2.4,8.4,0.1,4.4,3.51,High,f
1858,5.0,0.1,9.3,4.1,5.5,2.47,Low,f
1859,6.3,2.8,9.0,1.8,4.1,2.79,Moderate,f
1860,7.5,3.1,6.1,1.6,5.7,3.07,Moderate,m
1861,6.2,4.0,6.0,3.5,4.3,2.88,Moderate,f
1862,8.2,3.0,9.9,0.5,2.4,3.3,High,f
1863,8.8,1.4,5.9,2.5,5.4,3.29,High,f
1864,7.7,4.0,7.0,3.3,2.0,3.44,Moderate,f
1865,6.8,1.6,8.5,5.6,1.5,3.33,Moderate,f
1866,5.4,0.8,7.5,0.1,10.2,2.86,Low,m
1867,6.3,2.1,5.1,1.6,8.9,3.49,High,m
1868,9.6,2.6,7.1,4.4,0.3,3.54,High,f
1869,8.9,0.8,5.7,4.1,4.5,3.62,High,f
1870,8.7,2.5,9.9,1.5,1.4,3.36,High,m
1871,5.6,3.3,6.3,4.7,4.1,2.85,Low,m
1872,8.0,1.8,6.8,2.1,5.3,3.23,Moderate,m
1873,8.2,3.0,8.4,0.9,3.5,3.52,High,f
1874,7.4,2.1,8.9,3.7,1.9,3.1,Moderate,m
1875,7.0,3.6,5.8,6.0,1.6,2.99,High,m
1876,8.6,3.2,9.3,2.9,0.0,3.38,High,f
1877,6.5,2.8,5.6,2.4,6.7,2.9,High,m
1878,8.0,2.0,8.2,5.6,0.2,3.4,Moderate,m
1879,5.3,2.3,9.3,2.9,4.2,2.82,Low,m
1880,6.7,0.6,9.2,3.1,4.4,2.85,Moderate,f
1881,9.7,3.2,8.5,0.0,2.6,3.19,High,m
1882,9.6,0.7,6.4,3.1,4.2,3.38,High,m
1883,6.3,0.8,8.0,0.5,8.4,2.91,Moderate,m
1884,8.6,2.2,7.1,3.4,2.7,3.18,High,f
1885,6.8,3.7,5.3,4.0,4.2,3.04,High,m
1886,5.9,1.2,8.6,0.5,7.8,2.92,Low,m
1887,9.1,2.9,8.6,0.3,3.1,3.56,High,f
1888,9.2,0.2,5.1,2.2,7.3,3.61,High,m
1889,5.7,2.2,9.6,2.3,4.2,2.98,Low,m
1890,5.5,2.4,7.3,5.6,3.2,2.77,Low,m
1891,5.6,0.8,5.1,2.6,9.9,2.97,High,m
1892,8.0,2.5,7.7,0.5,5.3,3.12,Moderate,f
1893,7.2,4.0,9.2,3.2,0.4,2.95,Moderate,f
1894,7.4,2.7,9.4,3.4,1.1,3.04,Moderate,f
1895,9.7,0.2,5.1,4.0,5.0,3.25,High,m
1896,6.7,1.1,7.6,2.6,6.0,2.83,Moderate,f
1897,7.6,2.7,6.9,1.5,5.3,3.05,Moderate,f
1898,8.7,3.0,8.3,0.9,3.1,3.1,High,m
1899,7.9,2.3,7.4,3.3,3.1,3.75,Moderate,m
1900,8.6,0.4,8.7,0.8,5.5,3.22,High,f
1901,5.3,3.9,9.8,0.3,4.7,2.53,Low,f
1902,7.4,3.3,9.8,2.2,1.3,3.06,Moderate,f
1903,6.8,2.4,6.6,5.5,2.7,3.05,Moderate,f
1904,6.6,1.2,5.2,4.9,6.1,3.2,High,m
1905,7.3,1.3,7.4,4.9,3.1,2.83,Moderate,m
1906,6.9,1.3,5.9,3.6,6.3,2.94,High,f
1907,7.4,3.5,5.2,3.9,4.0,3.26,High,m
1908,9.4,2.9,9.6,0.7,1.4,3.57,High,f
1909,7.5,0.1,5.0,1.4,10.0,3.07,High,f
1910,5.9,0.1,9.5,0.0,8.5,2.79,Low,m
1911,8.7,0.6,9.6,4.6,0.5,3.57,High,m
1912,5.0,3.9,9.4,5.1,0.6,2.98,Low,f
1913,8.3,1.4,9.5,1.4,3.4,3.06,High,f
1914,9.6,0.6,6.1,3.3,4.4,3.47,High,f
1915,8.8,2.5,6.2,0.0,6.5,3.29,High,m
1916,9.5,1.6,7.6,2.5,2.8,3.7,High,f
1917,7.2,3.1,7.6,1.9,4.2,2.79,Moderate,f
1918,5.7,2.6,8.4,4.5,2.8,2.94,Low,f
1919,7.5,3.6,9.7,2.6,0.6,2.84,Moderate,f
1920,9.9,1.1,6.0,2.7,4.3,3.68,High,f
1921,5.3,3.9,7.9,3.3,3.6,2.79,Low,f
1922,5.2,2.4,8.6,2.5,5.3,3.21,Low,f
1923,8.8,0.9,6.1,1.0,7.2,3.53,High,f
1924,9.1,1.5,7.9,4.0,1.5,3.29,High,m
1925,6.2,0.7,9.9,3.7,3.5,2.73,Moderate,f
1926,6.3,2.0,6.6,1.0,8.1,3.09,Moderate,m
1927,6.3,0.1,8.5,3.0,6.1,2.99,Moderate,f
1928,5.5,3.0,5.1,1.5,8.9,2.66,High,m
1929,9.5,2.9,5.4,4.9,1.3,3.67,High,f
1930,8.0,2.7,10.0,0.8,2.5,3.2,Moderate,f
1931,8.1,1.8,5.2,0.1,8.8,3.28,High,m
1932,7.8,2.2,5.2,2.8,6.0,3.0,High,f
1933,9.6,1.6,8.1,3.7,1.0,3.46,High,m
1934,9.3,1.6,9.4,0.9,2.8,3.69,High,m
1935,6.4,0.2,9.0,2.5,5.9,2.81,Moderate,f
1936,9.5,3.3,7.8,2.1,1.3,3.28,High,f
1937,7.4,1.6,9.6,0.7,4.7,2.75,Moderate,f
1938,7.5,1.8,7.6,0.8,6.3,2.93,Moderate,f
1939,7.6,1.0,5.9,0.4,9.1,3.06,High,f
1940,8.1,2.9,8.4,2.2,2.4,3.52,High,f
1941,6.9,1.5,8.2,3.0,4.4,2.99,Moderate,f
1942,8.2,1.2,5.1,5.3,4.2,3.19,High,f
1943,6.1,3.7,8.6,4.3,1.3,2.79,Moderate,f
1944,7.6,0.7,6.5,1.9,7.3,3.0,Moderate,f
1945,5.8,0.8,8.9,1.0,7.5,2.89,Low,f
1946,9.9,1.3,5.6,3.4,3.8,3.43,High,m
1947,9.5,3.1,8.1,1.0,2.3,3.25,High,f
1948,8.4,2.9,9.8,0.8,2.1,3.28,High,f
1949,5.1,2.2,8.5,4.7,3.5,2.64,Low,f
1950,7.6,1.3,9.3,2.7,3.1,2.98,Moderate,m
1951,9.0,2.3,8.9,1.3,2.5,3.24,High,m
1952,7.7,0.9,7.4,1.9,6.1,3.31,Moderate,f
1953,6.3,3.9,5.8,4.7,3.3,2.73,High,m
1954,5.2,1.6,9.7,0.1,7.4,2.95,Low,f
1955,7.9,2.0,9.4,0.4,4.3,3.42,Moderate,f
1956,8.3,3.8,9.1,0.1,2.7,3.48,High,m
1957,7.4,1.6,6.6,2.7,5.7,2.88,Moderate,m
1958,9.9,0.4,9.6,2.0,2.1,3.09,High,m
1959,8.1,3.3,6.8,2.5,3.3,2.86,High,f
1960,9.6,3.3,5.5,0.6,5.0,3.19,High,f
1961,7.1,0.4,8.1,0.9,7.5,3.02,Moderate,m
1962,6.6,2.7,7.4,5.9,1.4,2.99,Moderate,f
1963,9.4,1.4,5.2,5.1,2.9,3.59,High,m
1964,9.5,0.9,9.5,1.3,2.8,3.24,High,f
1965,9.9,1.1,9.8,0.2,3.0,3.54,High,m
1966,7.4,0.9,8.5,1.1,6.1,3.48,Moderate,m
1967,7.8,1.0,9.8,0.2,5.2,3.04,Moderate,m
1968,7.1,0.9,7.5,5.2,3.3,2.92,Moderate,m
1969,8.6,2.3,5.4,4.2,3.5,3.38,High,m
1970,6.3,1.7,6.8,5.2,4.0,2.84,Moderate,f
1971,5.6,2.3,5.7,4.2,6.2,2.81,High,m
1972,7.4,3.7,7.6,2.6,2.7,3.29,Moderate,f
1973,7.9,2.8,5.5,4.9,2.9,3.03,High,f
1974,8.9,1.5,5.5,3.8,4.3,3.31,High,m
1975,9.4,3.6,9.8,1.0,0.2,3.32,High,f
1976,8.0,2.4,6.8,5.4,1.4,3.42,Moderate,m
1977,7.5,1.9,10.0,2.3,2.3,3.14,Moderate,m
1978,9.1,3.1,8.9,2.1,0.8,3.1,High,m
1979,6.3,3.4,9.5,0.9,3.9,2.97,Moderate,m
1980,8.2,2.2,5.3,4.5,3.8,3.43,High,f
1981,7.5,2.6,7.5,3.0,3.4,3.02,Moderate,f
1982,5.8,0.8,9.9,0.9,6.6,2.71,Low,f
1983,6.3,2.4,8.1,0.9,6.3,3.07,Moderate,f
1984,6.2,1.2,9.7,5.0,1.9,3.06,Moderate,f
1985,8.5,0.3,7.1,3.4,4.7,3.23,High,m
1986,8.0,1.3,8.9,4.9,0.9,2.93,Moderate,f
1987,6.6,3.4,5.5,5.0,3.5,2.9,High,f
1988,9.5,1.5,6.4,3.0,3.6,3.86,High,m
1989,7.3,1.4,8.5,4.6,2.2,3.28,Moderate,f
1990,7.0,2.7,7.4,6.0,0.9,2.85,Moderate,f
1991,8.6,3.8,9.2,2.2,0.2,3.26,High,f
1992,6.3,1.5,5.1,3.1,8.0,3.21,High,f
1993,7.5,2.1,9.9,4.1,0.4,3.04,Moderate,f
1994,7.1,1.4,9.0,3.1,3.4,2.85,Moderate,m
1995,7.9,3.4,9.0,0.5,3.2,3.08,Moderate,m
1996,6.5,0.2,7.4,2.1,7.8,3.32,Moderate,f
1997,6.3,2.8,8.8,1.5,4.6,2.65,Moderate,f
1998,6.2,0.0,6.2,0.8,10.8,3.14,Moderate,f
1999,8.1,0.7,7.6,3.5,4.1,3.04,High,m
2000,9.0,1.7,7.3,3.1,2.9,3.58,High,f
